status,benchmark_dir,error,direction,requirement_type,algorithm,stage_name,objects,size_mb,workers,input_mode,inter_arrival,aes_key_bits,service_time_model,container_platform,queue_container_image,ida_k,ida_m,requirement_label,stage_compute_seconds_real_seconds,stage_compute_seconds_simulator_seconds,stage_compute_seconds_error_seconds,stage_compute_seconds_ape_percent,family_compute_seconds_real_seconds,family_compute_seconds_simulator_seconds,family_compute_seconds_error_seconds,family_compute_seconds_ape_percent,requirement_compute_seconds_real_seconds,requirement_compute_seconds_simulator_seconds,requirement_compute_seconds_error_seconds,requirement_compute_seconds_ape_percent,total_stage_compute_seconds_real_seconds,total_stage_compute_seconds_simulator_seconds,total_stage_compute_seconds_error_seconds,total_stage_compute_seconds_ape_percent
ok,/lustre/uc3m_a0/dynamic/dantedomizzi/pruebassimulador/service_time_accuracy3/20260522_200209_432172_proxy_dd_output_compress_bz2_30obj_1p0mb_1w_0p18ia_256bits_linear_apptainer_compressible,,output,compress,BZ2,stage1,30,1.0,1,compressible,0.18,256,linear,apptainer,/home/dantsanc/SimulatorContinuum/stages/single_queue.sif,8,4,compress:BZ2,6.438401851046365,5.3314,-1.1070018510463644,17.19373653054065,6.438401851046365,5.3314,-1.1070018510463644,17.19373653054065,6.438401851046365,5.3314,-1.1070018510463644,17.19373653054065,6.438401851046365,5.3314,-1.1070018510463644,17.19373653054065
ok,/lustre/uc3m_a0/dynamic/dantedomizzi/pruebassimulador/service_time_accuracy3/20260522_200216_270600_proxy_dd_output_compress_bz2_30obj_1p0mb_1w_0p18ia_256bits_log_log_apptainer_compressible,,output,compress,BZ2,stage1,30,1.0,1,compressible,0.18,256,log-log,apptainer,/home/dantsanc/SimulatorContinuum/stages/single_queue.sif,8,4,compress:BZ2,6.431366095959675,5.377366,-1.0540000959596743,16.388432569898644,6.431366095959675,5.377366,-1.0540000959596743,16.388432569898644,6.431366095959675,5.377366,-1.0540000959596743,16.388432569898644,6.431366095959675,5.377366,-1.0540000959596743,16.388432569898644
ok,/lustre/uc3m_a0/dynamic/dantedomizzi/pruebassimulador/service_time_accuracy3/20260522_200223_060108_proxy_dd_output_compress_bz2_30obj_1p0mb_2w_0p18ia_256bits_linear_apptainer_compressible,,output,compress,BZ2,stage1,30,1.0,2,compressible,0.18,256,linear,apptainer,/home/dantsanc/SimulatorContinuum/stages/single_queue.sif,8,4,compress:BZ2,3.2184640854538884,2.664718,-0.5537460854538883,17.205290186601395,3.2184640854538884,2.664718,-0.5537460854538883,17.205290186601395,3.2184640854538884,2.664718,-0.5537460854538883,17.205290186601395,3.2184640854538884,2.664718,-0.5537460854538883,17.205290186601395
ok,/lustre/uc3m_a0/dynamic/dantedomizzi/pruebassimulador/service_time_accuracy3/20260522_200226_631411_proxy_dd_output_compress_bz2_30obj_1p0mb_2w_0p18ia_256bits_log_log_apptainer_compressible,,output,compress,BZ2,stage1,30,1.0,2,compressible,0.18,256,log-log,apptainer,/home/dantsanc/SimulatorContinuum/stages/single_queue.sif,8,4,compress:BZ2,3.2159348832792602,2.687812,-0.5281228832792602,16.422063954875167,3.2159348832792602,2.687812,-0.5281228832792602,16.422063954875167,3.2159348832792602,2.687812,-0.5281228832792602,16.422063954875167,3.2159348832792602,2.687812,-0.5281228832792602,16.422063954875167
ok,/lustre/uc3m_a0/dynamic/dantedomizzi/pruebassimulador/service_time_accuracy3/20260522_200230_169575_proxy_dd_output_compress_bz2_30obj_1p0mb_4w_0p18ia_256bits_linear_apptainer_compressible,,output,compress,BZ2,stage1,30,1.0,4,compressible,0.18,256,linear,apptainer,/home/dantsanc/SimulatorContinuum/stages/single_queue.sif,8,4,compress:BZ2,1.6544289575977018,1.422135,-0.23229395759770188,14.040733301416711,1.6544289575977018,1.422135,-0.23229395759770188,14.040733301416711,1.6544289575977018,1.422135,-0.23229395759770188,14.040733301416711,1.6544289575977018,1.422135,-0.23229395759770188,14.040733301416711
ok,/lustre/uc3m_a0/dynamic/dantedomizzi/pruebassimulador/service_time_accuracy3/20260522_200232_282115_proxy_dd_output_compress_bz2_30obj_1p0mb_4w_0p18ia_256bits_log_log_apptainer_compressible,,output,compress,BZ2,stage1,30,1.0,4,compressible,0.18,256,log-log,apptainer,/home/dantsanc/SimulatorContinuum/stages/single_queue.sif,8,4,compress:BZ2,1.6225865361921024,1.434632,-0.18795453619210245,11.583637112704972,1.6225865361921024,1.434632,-0.18795453619210245,11.583637112704972,1.6225865361921024,1.434632,-0.18795453619210245,11.583637112704972,1.6225865361921024,1.434632,-0.18795453619210245,11.583637112704972
ok,/lustre/uc3m_a0/dynamic/dantedomizzi/pruebassimulador/service_time_accuracy3/20260522_200234_348069_proxy_dd_output_compress_bz2_30obj_1p0mb_8w_0p18ia_256bits_linear_apptainer_compressible,,output,compress,BZ2,stage1,30,1.0,8,compressible,0.18,256,linear,apptainer,/home/dantsanc/SimulatorContinuum/stages/single_queue.sif,8,4,compress:BZ2,0.9492831418901915,0.888892,-0.06039114189019146,6.361762810823961,0.9492831418901915,0.888892,-0.06039114189019146,6.361762810823961,0.9492831418901915,0.888892,-0.06039114189019146,6.361762810823961,0.9492831418901915,0.888892,-0.06039114189019146,6.361762810823961
ok,/lustre/uc3m_a0/dynamic/dantedomizzi/pruebassimulador/service_time_accuracy3/20260522_200235_718761_proxy_dd_output_compress_bz2_30obj_1p0mb_8w_0p18ia_256bits_log_log_apptainer_compressible,,output,compress,BZ2,stage1,30,1.0,8,compressible,0.18,256,log-log,apptainer,/home/dantsanc/SimulatorContinuum/stages/single_queue.sif,8,4,compress:BZ2,0.9389508286476484,0.896599,-0.042351828647648415,4.510548087874514,0.9389508286476484,0.896599,-0.042351828647648415,4.510548087874514,0.9389508286476484,0.896599,-0.042351828647648415,4.510548087874514,0.9389508286476484,0.896599,-0.042351828647648415,4.510548087874514
ok,/lustre/uc3m_a0/dynamic/dantedomizzi/pruebassimulador/service_time_accuracy3/20260522_200237_108065_proxy_dd_output_compress_bz2_30obj_10p0mb_1w_0p18ia_256bits_linear_apptainer_compressible,,output,compress,BZ2,stage1,30,10.0,1,compressible,0.18,256,linear,apptainer,/home/dantsanc/SimulatorContinuum/stages/single_queue.sif,8,4,compress:BZ2,65.0687778944266,54.320383,-10.748394894426603,16.51851355171563,65.0687778944266,54.320383,-10.748394894426603,16.51851355171563,65.0687778944266,54.320383,-10.748394894426603,16.51851355171563,65.0687778944266,54.320383,-10.748394894426603,16.51851355171563
ok,/lustre/uc3m_a0/dynamic/dantedomizzi/pruebassimulador/service_time_accuracy3/20260522_200343_211311_proxy_dd_output_compress_bz2_30obj_10p0mb_1w_0p18ia_256bits_log_log_apptainer_compressible,,output,compress,BZ2,stage1,30,10.0,1,compressible,0.18,256,log-log,apptainer,/home/dantsanc/SimulatorContinuum/stages/single_queue.sif,8,4,compress:BZ2,66.43231146817561,54.06097,-12.371341468175615,18.62247631425877,66.43231146817561,54.06097,-12.371341468175615,18.62247631425877,66.43231146817561,54.06097,-12.371341468175615,18.62247631425877,66.43231146817561,54.06097,-12.371341468175615,18.62247631425877
ok,/lustre/uc3m_a0/dynamic/dantedomizzi/pruebassimulador/service_time_accuracy3/20260522_200450_722185_proxy_dd_output_compress_bz2_30obj_10p0mb_2w_0p18ia_256bits_linear_apptainer_compressible,,output,compress,BZ2,stage1,30,10.0,2,compressible,0.18,256,linear,apptainer,/home/dantsanc/SimulatorContinuum/stages/single_queue.sif,8,4,compress:BZ2,32.84608605236281,27.15977,-5.686316052362805,17.312004977694308,32.84608605236281,27.15977,-5.686316052362805,17.312004977694308,32.84608605236281,27.15977,-5.686316052362805,17.312004977694308,32.84608605236281,27.15977,-5.686316052362805,17.312004977694308
ok,/lustre/uc3m_a0/dynamic/dantedomizzi/pruebassimulador/service_time_accuracy3/20260522_200524_691941_proxy_dd_output_compress_bz2_30obj_10p0mb_2w_0p18ia_256bits_log_log_apptainer_compressible,,output,compress,BZ2,stage1,30,10.0,2,compressible,0.18,256,log-log,apptainer,/home/dantsanc/SimulatorContinuum/stages/single_queue.sif,8,4,compress:BZ2,33.23007137849345,27.031914,-6.198157378493448,18.652254182351548,33.23007137849345,27.031914,-6.198157378493448,18.652254182351548,33.23007137849345,27.031914,-6.198157378493448,18.652254182351548,33.23007137849345,27.031914,-6.198157378493448,18.652254182351548
ok,/lustre/uc3m_a0/dynamic/dantedomizzi/pruebassimulador/service_time_accuracy3/20260522_200559_029602_proxy_dd_output_compress_bz2_30obj_10p0mb_4w_0p18ia_256bits_linear_apptainer_compressible,,output,compress,BZ2,stage1,30,10.0,4,compressible,0.18,256,linear,apptainer,/home/dantsanc/SimulatorContinuum/stages/single_queue.sif,8,4,compress:BZ2,16.303371908288682,14.487282,-1.8160899082886814,11.139351531111034,16.303371908288682,14.487282,-1.8160899082886814,11.139351531111034,16.303371908288682,14.487282,-1.8160899082886814,11.139351531111034,16.303371908288682,14.487282,-1.8160899082886814,11.139351531111034
ok,/lustre/uc3m_a0/dynamic/dantedomizzi/pruebassimulador/service_time_accuracy3/20260522_200617_304712_proxy_dd_output_compress_bz2_30obj_10p0mb_4w_0p18ia_256bits_log_log_apptainer_compressible,,output,compress,BZ2,stage1,30,10.0,4,compressible,0.18,256,log-log,apptainer,/home/dantsanc/SimulatorContinuum/stages/single_queue.sif,8,4,compress:BZ2,16.52188284593285,14.417851,-2.10403184593285,12.734818819095997,16.52188284593285,14.417851,-2.10403184593285,12.734818819095997,16.52188284593285,14.417851,-2.10403184593285,12.734818819095997,16.52188284593285,14.417851,-2.10403184593285,12.734818819095997
ok,/lustre/uc3m_a0/dynamic/dantedomizzi/pruebassimulador/service_time_accuracy3/20260522_200635_741214_proxy_dd_output_compress_bz2_30obj_10p0mb_8w_0p18ia_256bits_linear_apptainer_compressible,,output,compress,BZ2,stage1,30,10.0,8,compressible,0.18,256,linear,apptainer,/home/dantsanc/SimulatorContinuum/stages/single_queue.sif,8,4,compress:BZ2,9.506745189341018,9.055605,-0.45114018934101807,4.745474716697333,9.506745189341018,9.055605,-0.45114018934101807,4.745474716697333,9.506745189341018,9.055605,-0.45114018934101807,4.745474716697333,9.506745189341018,9.055605,-0.45114018934101807,4.745474716697333
ok,/lustre/uc3m_a0/dynamic/dantedomizzi/pruebassimulador/service_time_accuracy3/20260522_200646_712599_proxy_dd_output_compress_bz2_30obj_10p0mb_8w_0p18ia_256bits_log_log_apptainer_compressible,,output,compress,BZ2,stage1,30,10.0,8,compressible,0.18,256,log-log,apptainer,/home/dantsanc/SimulatorContinuum/stages/single_queue.sif,8,4,compress:BZ2,8.954638286741101,9.012173,0.05753471325889947,0.6425129794923109,8.954638286741101,9.012173,0.05753471325889947,0.6425129794923109,8.954638286741101,9.012173,0.05753471325889947,0.6425129794923109,8.954638286741101,9.012173,0.05753471325889947,0.6425129794923109
ok,/lustre/uc3m_a0/dynamic/dantedomizzi/pruebassimulador/service_time_accuracy3/20260522_200657_094577_proxy_dd_output_compress_bz2_30obj_100p0mb_1w_0p18ia_256bits_linear_apptainer_compressible,,output,compress,BZ2,stage1,30,100.0,1,compressible,0.18,256,linear,apptainer,/home/dantsanc/SimulatorContinuum/stages/single_queue.sif,8,4,compress:BZ2,663.5546981022926,545.77589,-117.7788081022926,17.74967586532497,663.5546981022926,545.77589,-117.7788081022926,17.74967586532497,663.5546981022926,545.77589,-117.7788081022926,17.74967586532497,663.5546981022926,545.77589,-117.7788081022926,17.74967586532497
ok,/lustre/uc3m_a0/dynamic/dantedomizzi/pruebassimulador/service_time_accuracy3/20260522_201808_364500_proxy_dd_output_compress_bz2_30obj_100p0mb_1w_0p18ia_256bits_log_log_apptainer_compressible,,output,compress,BZ2,stage1,30,100.0,1,compressible,0.18,256,log-log,apptainer,/home/dantsanc/SimulatorContinuum/stages/single_queue.sif,8,4,compress:BZ2,670.9759804527857,544.30069,-126.6752904527857,18.879258593922113,670.9759804527857,544.30069,-126.6752904527857,18.879258593922113,670.9759804527857,544.30069,-126.6752904527857,18.879258593922113,670.9759804527857,544.30069,-126.6752904527857,18.879258593922113
ok,/lustre/uc3m_a0/dynamic/dantedomizzi/pruebassimulador/service_time_accuracy3/20260522_202927_051369_proxy_dd_output_compress_bz2_30obj_100p0mb_2w_0p18ia_256bits_linear_apptainer_compressible,,output,compress,BZ2,stage1,30,100.0,2,compressible,0.18,256,linear,apptainer,/home/dantsanc/SimulatorContinuum/stages/single_queue.sif,8,4,compress:BZ2,330.68170299800113,272.905684,-57.77601899800112,17.47179189964144,330.68170299800113,272.905684,-57.77601899800112,17.47179189964144,330.68170299800113,272.905684,-57.77601899800112,17.47179189964144,330.68170299800113,272.905684,-57.77601899800112,17.47179189964144
ok,/lustre/uc3m_a0/dynamic/dantedomizzi/pruebassimulador/service_time_accuracy3/20260522_203504_265111_proxy_dd_output_compress_bz2_30obj_100p0mb_2w_0p18ia_256bits_log_log_apptainer_compressible,,output,compress,BZ2,stage1,30,100.0,2,compressible,0.18,256,log-log,apptainer,/home/dantsanc/SimulatorContinuum/stages/single_queue.sif,8,4,compress:BZ2,332.2607512520917,272.366467,-59.89428425209172,18.026289300311895,332.2607512520917,272.366467,-59.89428425209172,18.026289300311895,332.2607512520917,272.366467,-59.89428425209172,18.026289300311895,332.2607512520917,272.366467,-59.89428425209172,18.026289300311895
ok,/lustre/uc3m_a0/dynamic/dantedomizzi/pruebassimulador/service_time_accuracy3/20260522_204045_449993_proxy_dd_output_compress_bz2_30obj_100p0mb_4w_0p18ia_256bits_linear_apptainer_compressible,,output,compress,BZ2,stage1,30,100.0,4,compressible,0.18,256,linear,apptainer,/home/dantsanc/SimulatorContinuum/stages/single_queue.sif,8,4,compress:BZ2,166.45130437446642,145.752792,-20.698512374466418,12.435175832507062,166.45130437446642,145.752792,-20.698512374466418,12.435175832507062,166.45130437446642,145.752792,-20.698512374466418,12.435175832507062,166.45130437446642,145.752792,-20.698512374466418,12.435175832507062
ok,/lustre/uc3m_a0/dynamic/dantedomizzi/pruebassimulador/service_time_accuracy3/20260522_204352_943428_proxy_dd_output_compress_bz2_30obj_100p0mb_4w_0p18ia_256bits_log_log_apptainer_compressible,,output,compress,BZ2,stage1,30,100.0,4,compressible,0.18,256,log-log,apptainer,/home/dantsanc/SimulatorContinuum/stages/single_queue.sif,8,4,compress:BZ2,166.02215337980306,145.367416,-20.654737379803066,12.440952583329015,166.02215337980306,145.367416,-20.654737379803066,12.440952583329015,166.02215337980306,145.367416,-20.654737379803066,12.440952583329015,166.02215337980306,145.367416,-20.654737379803066,12.440952583329015
ok,/lustre/uc3m_a0/dynamic/dantedomizzi/pruebassimulador/service_time_accuracy3/20260522_204659_082491_proxy_dd_output_compress_bz2_30obj_100p0mb_8w_0p18ia_256bits_linear_apptainer_compressible,,output,compress,BZ2,stage1,30,100.0,8,compressible,0.18,256,linear,apptainer,/home/dantsanc/SimulatorContinuum/stages/single_queue.sif,8,4,compress:BZ2,93.29364128260931,91.220665,-2.072976282609318,2.221990967562049,93.29364128260931,91.220665,-2.072976282609318,2.221990967562049,93.29364128260931,91.220665,-2.072976282609318,2.221990967562049,93.29364128260931,91.220665,-2.072976282609318,2.221990967562049
ok,/lustre/uc3m_a0/dynamic/dantedomizzi/pruebassimulador/service_time_accuracy3/20260522_204848_091401_proxy_dd_output_compress_bz2_30obj_100p0mb_8w_0p18ia_256bits_log_log_apptainer_compressible,,output,compress,BZ2,stage1,30,100.0,8,compressible,0.18,256,log-log,apptainer,/home/dantsanc/SimulatorContinuum/stages/single_queue.sif,8,4,compress:BZ2,96.34520859865734,72.793549,-23.551659598657338,24.44507613945376,96.34520859865734,72.793549,-23.551659598657338,24.44507613945376,96.34520859865734,72.793549,-23.551659598657338,24.44507613945376,96.34520859865734,72.793549,-23.551659598657338,24.44507613945376
ok,/lustre/uc3m_a0/dynamic/dantedomizzi/pruebassimulador/service_time_accuracy3/20260522_205038_106507_proxy_dd_output_compress_lz4_30obj_1p0mb_1w_0p18ia_256bits_linear_apptainer_compressible,,output,compress,LZ4,stage1,30,1.0,1,compressible,0.18,256,linear,apptainer,/home/dantsanc/SimulatorContinuum/stages/single_queue.sif,8,4,compress:LZ4,0.022374378982931376,0.024256,0.0018816210170686243,8.409712817075489,0.022374378982931376,0.024256,0.0018816210170686243,8.409712817075489,0.022374378982931376,0.024256,0.0018816210170686243,8.409712817075489,0.022374378982931376,0.024256,0.0018816210170686243,8.409712817075489
ok,/lustre/uc3m_a0/dynamic/dantedomizzi/pruebassimulador/service_time_accuracy3/20260522_205038_505589_proxy_dd_output_compress_lz4_30obj_1p0mb_1w_0p18ia_256bits_log_log_apptainer_compressible,,output,compress,LZ4,stage1,30,1.0,1,compressible,0.18,256,log-log,apptainer,/home/dantsanc/SimulatorContinuum/stages/single_queue.sif,8,4,compress:LZ4,0.022167913848534226,0.024725,0.002557086151465774,11.535077991269134,0.022167913848534226,0.024725,0.002557086151465774,11.535077991269134,0.022167913848534226,0.024725,0.002557086151465774,11.535077991269134,0.022167913848534226,0.024725,0.002557086151465774,11.535077991269134
ok,/lustre/uc3m_a0/dynamic/dantedomizzi/pruebassimulador/service_time_accuracy3/20260522_205038_904339_proxy_dd_output_compress_lz4_30obj_1p0mb_2w_0p18ia_256bits_linear_apptainer_compressible,,output,compress,LZ4,stage1,30,1.0,2,compressible,0.18,256,linear,apptainer,/home/dantsanc/SimulatorContinuum/stages/single_queue.sif,8,4,compress:LZ4,0.01144404150545597,0.01269,0.0012459584945440291,10.887399298141446,0.01144404150545597,0.01269,0.0012459584945440291,10.887399298141446,0.01144404150545597,0.01269,0.0012459584945440291,10.887399298141446,0.01144404150545597,0.01269,0.0012459584945440291,10.887399298141446
ok,/lustre/uc3m_a0/dynamic/dantedomizzi/pruebassimulador/service_time_accuracy3/20260522_205039_232077_proxy_dd_output_compress_lz4_30obj_1p0mb_2w_0p18ia_256bits_log_log_apptainer_compressible,,output,compress,LZ4,stage1,30,1.0,2,compressible,0.18,256,log-log,apptainer,/home/dantsanc/SimulatorContinuum/stages/single_queue.sif,8,4,compress:LZ4,0.011389180988771841,0.012592,0.0012028190112281598,10.561066791492497,0.011389180988771841,0.012592,0.0012028190112281598,10.561066791492497,0.011389180988771841,0.012592,0.0012028190112281598,10.561066791492497,0.011389180988771841,0.012592,0.0012028190112281598,10.561066791492497
ok,/lustre/uc3m_a0/dynamic/dantedomizzi/pruebassimulador/service_time_accuracy3/20260522_205039_584321_proxy_dd_output_compress_lz4_30obj_1p0mb_4w_0p18ia_256bits_linear_apptainer_compressible,,output,compress,LZ4,stage1,30,1.0,4,compressible,0.18,256,linear,apptainer,/home/dantsanc/SimulatorContinuum/stages/single_queue.sif,8,4,compress:LZ4,0.006355347519274801,0.007448,0.0010926524807251987,17.192647253534922,0.006355347519274801,0.007448,0.0010926524807251987,17.192647253534922,0.006355347519274801,0.007448,0.0010926524807251987,17.192647253534922,0.006355347519274801,0.007448,0.0010926524807251987,17.192647253534922
ok,/lustre/uc3m_a0/dynamic/dantedomizzi/pruebassimulador/service_time_accuracy3/20260522_205039_911221_proxy_dd_output_compress_lz4_30obj_1p0mb_4w_0p18ia_256bits_log_log_apptainer_compressible,,output,compress,LZ4,stage1,30,1.0,4,compressible,0.18,256,log-log,apptainer,/home/dantsanc/SimulatorContinuum/stages/single_queue.sif,8,4,compress:LZ4,0.006356844096444547,0.007487,0.0011301559035554526,17.77856883713038,0.006356844096444547,0.007487,0.0011301559035554526,17.77856883713038,0.006356844096444547,0.007487,0.0011301559035554526,17.77856883713038,0.006356844096444547,0.007487,0.0011301559035554526,17.77856883713038
ok,/lustre/uc3m_a0/dynamic/dantedomizzi/pruebassimulador/service_time_accuracy3/20260522_205040_303316_proxy_dd_output_compress_lz4_30obj_1p0mb_8w_0p18ia_256bits_linear_apptainer_compressible,,output,compress,LZ4,stage1,30,1.0,8,compressible,0.18,256,linear,apptainer,/home/dantsanc/SimulatorContinuum/stages/single_queue.sif,8,4,compress:LZ4,0.0032807127208798192,0.00472,0.001439287279120181,43.87117683178898,0.0032807127208798192,0.00472,0.001439287279120181,43.87117683178898,0.0032807127208798192,0.00472,0.001439287279120181,43.87117683178898,0.0032807127208798192,0.00472,0.001439287279120181,43.87117683178898
ok,/lustre/uc3m_a0/dynamic/dantedomizzi/pruebassimulador/service_time_accuracy3/20260522_205040_664033_proxy_dd_output_compress_lz4_30obj_1p0mb_8w_0p18ia_256bits_log_log_apptainer_compressible,,output,compress,LZ4,stage1,30,1.0,8,compressible,0.18,256,log-log,apptainer,/home/dantsanc/SimulatorContinuum/stages/single_queue.sif,8,4,compress:LZ4,0.003282984944235068,0.00378,0.0004970150557649321,15.13912077597834,0.003282984944235068,0.00378,0.0004970150557649321,15.13912077597834,0.003282984944235068,0.00378,0.0004970150557649321,15.13912077597834,0.003282984944235068,0.00378,0.0004970150557649321,15.13912077597834
ok,/lustre/uc3m_a0/dynamic/dantedomizzi/pruebassimulador/service_time_accuracy3/20260522_205041_057698_proxy_dd_output_compress_lz4_30obj_10p0mb_1w_0p18ia_256bits_linear_apptainer_compressible,,output,compress,LZ4,stage1,30,10.0,1,compressible,0.18,256,linear,apptainer,/home/dantsanc/SimulatorContinuum/stages/single_queue.sif,8,4,compress:LZ4,0.19088584021665156,0.209845,0.018959159783348445,9.932198093808415,0.19088584021665156,0.209845,0.018959159783348445,9.932198093808415,0.19088584021665156,0.209845,0.018959159783348445,9.932198093808415,0.19088584021665156,0.209845,0.018959159783348445,9.932198093808415
ok,/lustre/uc3m_a0/dynamic/dantedomizzi/pruebassimulador/service_time_accuracy3/20260522_205042_240193_proxy_dd_output_compress_lz4_30obj_10p0mb_1w_0p18ia_256bits_log_log_apptainer_compressible,,output,compress,LZ4,stage1,30,10.0,1,compressible,0.18,256,log-log,apptainer,/home/dantsanc/SimulatorContinuum/stages/single_queue.sif,8,4,compress:LZ4,0.1902650223346427,0.210106,0.01984097766535728,10.428074178794928,0.1902650223346427,0.210106,0.01984097766535728,10.428074178794928,0.1902650223346427,0.210106,0.01984097766535728,10.428074178794928,0.1902650223346427,0.210106,0.01984097766535728,10.428074178794928
ok,/lustre/uc3m_a0/dynamic/dantedomizzi/pruebassimulador/service_time_accuracy3/20260522_205043_415716_proxy_dd_output_compress_lz4_30obj_10p0mb_2w_0p18ia_256bits_linear_apptainer_compressible,,output,compress,LZ4,stage1,30,10.0,2,compressible,0.18,256,linear,apptainer,/home/dantsanc/SimulatorContinuum/stages/single_queue.sif,8,4,compress:LZ4,0.10038670487119816,0.108848,0.008461295128801838,8.428700931720151,0.10038670487119816,0.108848,0.008461295128801838,8.428700931720151,0.10038670487119816,0.108848,0.008461295128801838,8.428700931720151,0.10038670487119816,0.108848,0.008461295128801838,8.428700931720151
ok,/lustre/uc3m_a0/dynamic/dantedomizzi/pruebassimulador/service_time_accuracy3/20260522_205044_375620_proxy_dd_output_compress_lz4_30obj_10p0mb_2w_0p18ia_256bits_log_log_apptainer_compressible,,output,compress,LZ4,stage1,30,10.0,2,compressible,0.18,256,log-log,apptainer,/home/dantsanc/SimulatorContinuum/stages/single_queue.sif,8,4,compress:LZ4,0.1011674057226628,0.111551,0.010383594277337191,10.263774387773129,0.1011674057226628,0.111551,0.010383594277337191,10.263774387773129,0.1011674057226628,0.111551,0.010383594277337191,10.263774387773129,0.1011674057226628,0.111551,0.010383594277337191,10.263774387773129
ok,/lustre/uc3m_a0/dynamic/dantedomizzi/pruebassimulador/service_time_accuracy3/20260522_205045_309336_proxy_dd_output_compress_lz4_30obj_10p0mb_4w_0p18ia_256bits_linear_apptainer_compressible,,output,compress,LZ4,stage1,30,10.0,4,compressible,0.18,256,linear,apptainer,/home/dantsanc/SimulatorContinuum/stages/single_queue.sif,8,4,compress:LZ4,0.05390342834289186,0.062731,0.008827571657108138,16.376642318469923,0.05390342834289186,0.062731,0.008827571657108138,16.376642318469923,0.05390342834289186,0.062731,0.008827571657108138,16.376642318469923,0.05390342834289186,0.062731,0.008827571657108138,16.376642318469923
ok,/lustre/uc3m_a0/dynamic/dantedomizzi/pruebassimulador/service_time_accuracy3/20260522_205046_212282_proxy_dd_output_compress_lz4_30obj_10p0mb_4w_0p18ia_256bits_log_log_apptainer_compressible,,output,compress,LZ4,stage1,30,10.0,4,compressible,0.18,256,log-log,apptainer,/home/dantsanc/SimulatorContinuum/stages/single_queue.sif,8,4,compress:LZ4,0.054374648083467036,0.07167,0.01729535191653296,31.807749615195625,0.054374648083467036,0.07167,0.01729535191653296,31.807749615195625,0.054374648083467036,0.07167,0.01729535191653296,31.807749615195625,0.054374648083467036,0.07167,0.01729535191653296,31.807749615195625
ok,/lustre/uc3m_a0/dynamic/dantedomizzi/pruebassimulador/service_time_accuracy3/20260522_205047_150795_proxy_dd_output_compress_lz4_30obj_10p0mb_8w_0p18ia_256bits_linear_apptainer_compressible,,output,compress,LZ4,stage1,30,10.0,8,compressible,0.18,256,linear,apptainer,/home/dantsanc/SimulatorContinuum/stages/single_queue.sif,8,4,compress:LZ4,0.02685565783031052,0.03888,0.012024342169689478,44.77396251347177,0.02685565783031052,0.03888,0.012024342169689478,44.77396251347177,0.02685565783031052,0.03888,0.012024342169689478,44.77396251347177,0.02685565783031052,0.03888,0.012024342169689478,44.77396251347177
ok,/lustre/uc3m_a0/dynamic/dantedomizzi/pruebassimulador/service_time_accuracy3/20260522_205048_082267_proxy_dd_output_compress_lz4_30obj_10p0mb_8w_0p18ia_256bits_log_log_apptainer_compressible,,output,compress,LZ4,stage1,30,10.0,8,compressible,0.18,256,log-log,apptainer,/home/dantsanc/SimulatorContinuum/stages/single_queue.sif,8,4,compress:LZ4,0.026705207368650008,0.038785,0.012079792631349992,45.2338469594915,0.026705207368650008,0.038785,0.012079792631349992,45.2338469594915,0.026705207368650008,0.038785,0.012079792631349992,45.2338469594915,0.026705207368650008,0.038785,0.012079792631349992,45.2338469594915
ok,/lustre/uc3m_a0/dynamic/dantedomizzi/pruebassimulador/service_time_accuracy3/20260522_205049_011749_proxy_dd_output_compress_lz4_30obj_100p0mb_1w_0p18ia_256bits_linear_apptainer_compressible,,output,compress,LZ4,stage1,30,100.0,1,compressible,0.18,256,linear,apptainer,/home/dantsanc/SimulatorContinuum/stages/single_queue.sif,8,4,compress:LZ4,2.4887094583245926,2.692014,0.20330454167540735,8.16907497961906,2.4887094583245926,2.692014,0.20330454167540735,8.16907497961906,2.4887094583245926,2.692014,0.20330454167540735,8.16907497961906,2.4887094583245926,2.692014,0.20330454167540735,8.16907497961906
ok,/lustre/uc3m_a0/dynamic/dantedomizzi/pruebassimulador/service_time_accuracy3/20260522_205105_118689_proxy_dd_output_compress_lz4_30obj_100p0mb_1w_0p18ia_256bits_log_log_apptainer_compressible,,output,compress,LZ4,stage1,30,100.0,1,compressible,0.18,256,log-log,apptainer,/home/dantsanc/SimulatorContinuum/stages/single_queue.sif,8,4,compress:LZ4,2.474217145179864,2.662336,0.1881188548201358,7.603166730398694,2.474217145179864,2.662336,0.1881188548201358,7.603166730398694,2.474217145179864,2.662336,0.1881188548201358,7.603166730398694,2.474217145179864,2.662336,0.1881188548201358,7.603166730398694
ok,/lustre/uc3m_a0/dynamic/dantedomizzi/pruebassimulador/service_time_accuracy3/20260522_205120_359146_proxy_dd_output_compress_lz4_30obj_100p0mb_2w_0p18ia_256bits_linear_apptainer_compressible,,output,compress,LZ4,stage1,30,100.0,2,compressible,0.18,256,linear,apptainer,/home/dantsanc/SimulatorContinuum/stages/single_queue.sif,8,4,compress:LZ4,1.3106943870370742,1.41341,0.10271561296292586,7.8367324968196765,1.3106943870370742,1.41341,0.10271561296292586,7.8367324968196765,1.3106943870370742,1.41341,0.10271561296292586,7.8367324968196765,1.3106943870370742,1.41341,0.10271561296292586,7.8367324968196765
ok,/lustre/uc3m_a0/dynamic/dantedomizzi/pruebassimulador/service_time_accuracy3/20260522_205133_172157_proxy_dd_output_compress_lz4_30obj_100p0mb_2w_0p18ia_256bits_log_log_apptainer_compressible,,output,compress,LZ4,stage1,30,100.0,2,compressible,0.18,256,log-log,apptainer,/home/dantsanc/SimulatorContinuum/stages/single_queue.sif,8,4,compress:LZ4,1.3209597670065705,1.435452,0.11449223299342948,8.667352015790803,1.3209597670065705,1.435452,0.11449223299342948,8.667352015790803,1.3209597670065705,1.435452,0.11449223299342948,8.667352015790803,1.3209597670065705,1.435452,0.11449223299342948,8.667352015790803
ok,/lustre/uc3m_a0/dynamic/dantedomizzi/pruebassimulador/service_time_accuracy3/20260522_205145_688138_proxy_dd_output_compress_lz4_30obj_100p0mb_4w_0p18ia_256bits_linear_apptainer_compressible,,output,compress,LZ4,stage1,30,100.0,4,compressible,0.18,256,linear,apptainer,/home/dantsanc/SimulatorContinuum/stages/single_queue.sif,8,4,compress:LZ4,0.7062795326783089,0.829395,0.1231154673216911,17.431549637976957,0.7062795326783089,0.829395,0.1231154673216911,17.431549637976957,0.7062795326783089,0.829395,0.1231154673216911,17.431549637976957,0.7062795326783089,0.829395,0.1231154673216911,17.431549637976957
ok,/lustre/uc3m_a0/dynamic/dantedomizzi/pruebassimulador/service_time_accuracy3/20260522_205157_852685_proxy_dd_output_compress_lz4_30obj_100p0mb_4w_0p18ia_256bits_log_log_apptainer_compressible,,output,compress,LZ4,stage1,30,100.0,4,compressible,0.18,256,log-log,apptainer,/home/dantsanc/SimulatorContinuum/stages/single_queue.sif,8,4,compress:LZ4,0.7029798272997141,0.934568,0.23158817270028587,32.943786394250075,0.7029798272997141,0.934568,0.23158817270028587,32.943786394250075,0.7029798272997141,0.934568,0.23158817270028587,32.943786394250075,0.7029798272997141,0.934568,0.23158817270028587,32.943786394250075
ok,/lustre/uc3m_a0/dynamic/dantedomizzi/pruebassimulador/service_time_accuracy3/20260522_205210_011634_proxy_dd_output_compress_lz4_30obj_100p0mb_8w_0p18ia_256bits_linear_apptainer_compressible,,output,compress,LZ4,stage1,30,100.0,8,compressible,0.18,256,linear,apptainer,/home/dantsanc/SimulatorContinuum/stages/single_queue.sif,8,4,compress:LZ4,0.35305639300349867,0.416949,0.06389260699650134,18.096997607934036,0.35305639300349867,0.416949,0.06389260699650134,18.096997607934036,0.35305639300349867,0.416949,0.06389260699650134,18.096997607934036,0.35305639300349867,0.416949,0.06389260699650134,18.096997607934036
ok,/lustre/uc3m_a0/dynamic/dantedomizzi/pruebassimulador/service_time_accuracy3/20260522_205222_336250_proxy_dd_output_compress_lz4_30obj_100p0mb_8w_0p18ia_256bits_log_log_apptainer_compressible,,output,compress,LZ4,stage1,30,100.0,8,compressible,0.18,256,log-log,apptainer,/home/dantsanc/SimulatorContinuum/stages/single_queue.sif,8,4,compress:LZ4,0.35733938859630143,0.521036,0.16369661140369862,45.80984258318981,0.35733938859630143,0.521036,0.16369661140369862,45.80984258318981,0.35733938859630143,0.521036,0.16369661140369862,45.80984258318981,0.35733938859630143,0.521036,0.16369661140369862,45.80984258318981
ok,/lustre/uc3m_a0/dynamic/dantedomizzi/pruebassimulador/service_time_accuracy3/20260522_205234_487777_proxy_dd_output_compress_lzma_30obj_1p0mb_1w_0p18ia_256bits_linear_apptainer_compressible,,output,compress,LZMA,stage1,30,1.0,1,compressible,0.18,256,linear,apptainer,/home/dantsanc/SimulatorContinuum/stages/single_queue.sif,8,4,compress:LZMA,0.5945443054661155,0.521725,-0.07281930546611548,12.24791908637087,0.5945443054661155,0.521725,-0.07281930546611548,12.24791908637087,0.5945443054661155,0.521725,-0.07281930546611548,12.24791908637087,0.5945443054661155,0.521725,-0.07281930546611548,12.24791908637087
ok,/lustre/uc3m_a0/dynamic/dantedomizzi/pruebassimulador/service_time_accuracy3/20260522_205235_492180_proxy_dd_output_compress_lzma_30obj_1p0mb_1w_0p18ia_256bits_log_log_apptainer_compressible,,output,compress,LZMA,stage1,30,1.0,1,compressible,0.18,256,log-log,apptainer,/home/dantsanc/SimulatorContinuum/stages/single_queue.sif,8,4,compress:LZMA,0.590603884018492,0.507573,-0.0830308840184919,14.058641716601409,0.590603884018492,0.507573,-0.0830308840184919,14.058641716601409,0.590603884018492,0.507573,-0.0830308840184919,14.058641716601409,0.590603884018492,0.507573,-0.0830308840184919,14.058641716601409
ok,/lustre/uc3m_a0/dynamic/dantedomizzi/pruebassimulador/service_time_accuracy3/20260522_205236_454259_proxy_dd_output_compress_lzma_30obj_1p0mb_2w_0p18ia_256bits_linear_apptainer_compressible,,output,compress,LZMA,stage1,30,1.0,2,compressible,0.18,256,linear,apptainer,/home/dantsanc/SimulatorContinuum/stages/single_queue.sif,8,4,compress:LZMA,0.3056455414625816,0.261427,-0.044218541462581584,14.467262061467043,0.3056455414625816,0.261427,-0.044218541462581584,14.467262061467043,0.3056455414625816,0.261427,-0.044218541462581584,14.467262061467043,0.3056455414625816,0.261427,-0.044218541462581584,14.467262061467043
ok,/lustre/uc3m_a0/dynamic/dantedomizzi/pruebassimulador/service_time_accuracy3/20260522_205237_111340_proxy_dd_output_compress_lzma_30obj_1p0mb_2w_0p18ia_256bits_log_log_apptainer_compressible,,output,compress,LZMA,stage1,30,1.0,2,compressible,0.18,256,log-log,apptainer,/home/dantsanc/SimulatorContinuum/stages/single_queue.sif,8,4,compress:LZMA,0.3052822156168986,0.254699,-0.0505832156168986,16.56932930556817,0.3052822156168986,0.254699,-0.0505832156168986,16.56932930556817,0.3052822156168986,0.254699,-0.0505832156168986,16.56932930556817,0.3052822156168986,0.254699,-0.0505832156168986,16.56932930556817
ok,/lustre/uc3m_a0/dynamic/dantedomizzi/pruebassimulador/service_time_accuracy3/20260522_205237_749183_proxy_dd_output_compress_lzma_30obj_1p0mb_4w_0p18ia_256bits_linear_apptainer_compressible,,output,compress,LZMA,stage1,30,1.0,4,compressible,0.18,256,linear,apptainer,/home/dantsanc/SimulatorContinuum/stages/single_queue.sif,8,4,compress:LZMA,0.1616978692181874,0.140223,-0.02147486921818742,13.28086097981307,0.1616978692181874,0.140223,-0.02147486921818742,13.28086097981307,0.1616978692181874,0.140223,-0.02147486921818742,13.28086097981307,0.1616978692181874,0.140223,-0.02147486921818742,13.28086097981307
ok,/lustre/uc3m_a0/dynamic/dantedomizzi/pruebassimulador/service_time_accuracy3/20260522_205238_275321_proxy_dd_output_compress_lzma_30obj_1p0mb_4w_0p18ia_256bits_log_log_apptainer_compressible,,output,compress,LZMA,stage1,30,1.0,4,compressible,0.18,256,log-log,apptainer,/home/dantsanc/SimulatorContinuum/stages/single_queue.sif,8,4,compress:LZMA,0.16083878722565714,0.136566,-0.02427278722565715,15.091376678687821,0.16083878722565714,0.136566,-0.02427278722565715,15.091376678687821,0.16083878722565714,0.136566,-0.02427278722565715,15.091376678687821,0.16083878722565714,0.136566,-0.02427278722565715,15.091376678687821
ok,/lustre/uc3m_a0/dynamic/dantedomizzi/pruebassimulador/service_time_accuracy3/20260522_205238_763730_proxy_dd_output_compress_lzma_30obj_1p0mb_8w_0p18ia_256bits_linear_apptainer_compressible,,output,compress,LZMA,stage1,30,1.0,8,compressible,0.18,256,linear,apptainer,/home/dantsanc/SimulatorContinuum/stages/single_queue.sif,8,4,compress:LZMA,0.08398513973224908,0.087981,0.0039958602677509225,4.757818205089643,0.08398513973224908,0.087981,0.0039958602677509225,4.757818205089643,0.08398513973224908,0.087981,0.0039958602677509225,4.757818205089643,0.08398513973224908,0.087981,0.0039958602677509225,4.757818205089643
ok,/lustre/uc3m_a0/dynamic/dantedomizzi/pruebassimulador/service_time_accuracy3/20260522_205239_198812_proxy_dd_output_compress_lzma_30obj_1p0mb_8w_0p18ia_256bits_log_log_apptainer_compressible,,output,compress,LZMA,stage1,30,1.0,8,compressible,0.18,256,log-log,apptainer,/home/dantsanc/SimulatorContinuum/stages/single_queue.sif,8,4,compress:LZMA,0.08474159954494098,0.085868,0.0011264004550590179,1.3292178352872066,0.08474159954494098,0.085868,0.0011264004550590179,1.3292178352872066,0.08474159954494098,0.085868,0.0011264004550590179,1.3292178352872066,0.08474159954494098,0.085868,0.0011264004550590179,1.3292178352872066
ok,/lustre/uc3m_a0/dynamic/dantedomizzi/pruebassimulador/service_time_accuracy3/20260522_205239_683100_proxy_dd_output_compress_lzma_30obj_10p0mb_1w_0p18ia_256bits_linear_apptainer_compressible,,output,compress,LZMA,stage1,30,10.0,1,compressible,0.18,256,linear,apptainer,/home/dantsanc/SimulatorContinuum/stages/single_queue.sif,8,4,compress:LZMA,5.594318127201404,4.768139,-0.8261791272014047,14.768182795759355,5.594318127201404,4.768139,-0.8261791272014047,14.768182795759355,5.594318127201404,4.768139,-0.8261791272014047,14.768182795759355,5.594318127201404,4.768139,-0.8261791272014047,14.768182795759355
ok,/lustre/uc3m_a0/dynamic/dantedomizzi/pruebassimulador/service_time_accuracy3/20260522_205246_286036_proxy_dd_output_compress_lzma_30obj_10p0mb_1w_0p18ia_256bits_log_log_apptainer_compressible,,output,compress,LZMA,stage1,30,10.0,1,compressible,0.18,256,log-log,apptainer,/home/dantsanc/SimulatorContinuum/stages/single_queue.sif,8,4,compress:LZMA,5.580498818890192,4.851806,-0.7286928188901918,13.057843797467353,5.580498818890192,4.851806,-0.7286928188901918,13.057843797467353,5.580498818890192,4.851806,-0.7286928188901918,13.057843797467353,5.580498818890192,4.851806,-0.7286928188901918,13.057843797467353
ok,/lustre/uc3m_a0/dynamic/dantedomizzi/pruebassimulador/service_time_accuracy3/20260522_205252_851560_proxy_dd_output_compress_lzma_30obj_10p0mb_2w_0p18ia_256bits_linear_apptainer_compressible,,output,compress,LZMA,stage1,30,10.0,2,compressible,0.18,256,linear,apptainer,/home/dantsanc/SimulatorContinuum/stages/single_queue.sif,8,4,compress:LZMA,2.8202218616206665,2.392544,-0.42767786162066646,15.164688545988984,2.8202218616206665,2.392544,-0.42767786162066646,15.164688545988984,2.8202218616206665,2.392544,-0.42767786162066646,15.164688545988984,2.8202218616206665,2.392544,-0.42767786162066646,15.164688545988984
ok,/lustre/uc3m_a0/dynamic/dantedomizzi/pruebassimulador/service_time_accuracy3/20260522_205256_521103_proxy_dd_output_compress_lzma_30obj_10p0mb_2w_0p18ia_256bits_log_log_apptainer_compressible,,output,compress,LZMA,stage1,30,10.0,2,compressible,0.18,256,log-log,apptainer,/home/dantsanc/SimulatorContinuum/stages/single_queue.sif,8,4,compress:LZMA,2.790993011876708,2.435896,-0.35509701187670784,12.722963130528765,2.790993011876708,2.435896,-0.35509701187670784,12.722963130528765,2.790993011876708,2.435896,-0.35509701187670784,12.722963130528765,2.790993011876708,2.435896,-0.35509701187670784,12.722963130528765
ok,/lustre/uc3m_a0/dynamic/dantedomizzi/pruebassimulador/service_time_accuracy3/20260522_205300_171832_proxy_dd_output_compress_lzma_30obj_10p0mb_4w_0p18ia_256bits_linear_apptainer_compressible,,output,compress,LZMA,stage1,30,10.0,4,compressible,0.18,256,linear,apptainer,/home/dantsanc/SimulatorContinuum/stages/single_queue.sif,8,4,compress:LZMA,1.4307642494241009,1.283159,-0.14760524942410091,10.316531845376604,1.4307642494241009,1.283159,-0.14760524942410091,10.316531845376604,1.4307642494241009,1.283159,-0.14760524942410091,10.316531845376604,1.4307642494241009,1.283159,-0.14760524942410091,10.316531845376604
ok,/lustre/uc3m_a0/dynamic/dantedomizzi/pruebassimulador/service_time_accuracy3/20260522_205302_488515_proxy_dd_output_compress_lzma_30obj_10p0mb_4w_0p18ia_256bits_log_log_apptainer_compressible,,output,compress,LZMA,stage1,30,10.0,4,compressible,0.18,256,log-log,apptainer,/home/dantsanc/SimulatorContinuum/stages/single_queue.sif,8,4,compress:LZMA,1.4143526753032347,1.298658,-0.11569467530323463,8.180044293296925,1.4143526753032347,1.298658,-0.11569467530323463,8.180044293296925,1.4143526753032347,1.298658,-0.11569467530323463,8.180044293296925,1.4143526753032347,1.298658,-0.11569467530323463,8.180044293296925
ok,/lustre/uc3m_a0/dynamic/dantedomizzi/pruebassimulador/service_time_accuracy3/20260522_205304_777282_proxy_dd_output_compress_lzma_30obj_10p0mb_8w_0p18ia_256bits_linear_apptainer_compressible,,output,compress,LZMA,stage1,30,10.0,8,compressible,0.18,256,linear,apptainer,/home/dantsanc/SimulatorContinuum/stages/single_queue.sif,8,4,compress:LZMA,0.7185802445164882,0.799902,0.08132175548351184,11.317004065180068,0.7185802445164882,0.799902,0.08132175548351184,11.317004065180068,0.7185802445164882,0.799902,0.08132175548351184,11.317004065180068,0.7185802445164882,0.799902,0.08132175548351184,11.317004065180068
ok,/lustre/uc3m_a0/dynamic/dantedomizzi/pruebassimulador/service_time_accuracy3/20260522_205306_377075_proxy_dd_output_compress_lzma_30obj_10p0mb_8w_0p18ia_256bits_log_log_apptainer_compressible,,output,compress,LZMA,stage1,30,10.0,8,compressible,0.18,256,log-log,apptainer,/home/dantsanc/SimulatorContinuum/stages/single_queue.sif,8,4,compress:LZMA,0.7430127653715317,0.812962,0.06994923462846825,9.414270910068584,0.7430127653715317,0.812962,0.06994923462846825,9.414270910068584,0.7430127653715317,0.812962,0.06994923462846825,9.414270910068584,0.7430127653715317,0.812962,0.06994923462846825,9.414270910068584
ok,/lustre/uc3m_a0/dynamic/dantedomizzi/pruebassimulador/service_time_accuracy3/20260522_205308_009324_proxy_dd_output_compress_lzma_30obj_100p0mb_1w_0p18ia_256bits_linear_apptainer_compressible,,output,compress,LZMA,stage1,30,100.0,1,compressible,0.18,256,linear,apptainer,/home/dantsanc/SimulatorContinuum/stages/single_queue.sif,8,4,compress:LZMA,54.64848975127097,46.522694,-8.12579575127097,14.86920459880044,54.64848975127097,46.522694,-8.12579575127097,14.86920459880044,54.64848975127097,46.522694,-8.12579575127097,14.86920459880044,54.64848975127097,46.522694,-8.12579575127097,14.86920459880044
ok,/lustre/uc3m_a0/dynamic/dantedomizzi/pruebassimulador/service_time_accuracy3/20260522_205419_223059_proxy_dd_output_compress_lzma_30obj_100p0mb_1w_0p18ia_256bits_log_log_apptainer_compressible,,output,compress,LZMA,stage1,30,100.0,1,compressible,0.18,256,log-log,apptainer,/home/dantsanc/SimulatorContinuum/stages/single_queue.sif,8,4,compress:LZMA,54.458604277984705,47.433475,-7.025129277984703,12.899943674877957,54.458604277984705,47.433475,-7.025129277984703,12.899943674877957,54.458604277984705,47.433475,-7.025129277984703,12.899943674877957,54.458604277984705,47.433475,-7.025129277984703,12.899943674877957
ok,/lustre/uc3m_a0/dynamic/dantedomizzi/pruebassimulador/service_time_accuracy3/20260522_205526_273456_proxy_dd_output_compress_lzma_30obj_100p0mb_2w_0p18ia_256bits_linear_apptainer_compressible,,output,compress,LZMA,stage1,30,100.0,2,compressible,0.18,256,linear,apptainer,/home/dantsanc/SimulatorContinuum/stages/single_queue.sif,8,4,compress:LZMA,28.088149484974565,23.341236,-4.746913484974566,16.900057753943077,28.088149484974565,23.341236,-4.746913484974566,16.900057753943077,28.088149484974565,23.341236,-4.746913484974566,16.900057753943077,28.088149484974565,23.341236,-4.746913484974566,16.900057753943077
ok,/lustre/uc3m_a0/dynamic/dantedomizzi/pruebassimulador/service_time_accuracy3/20260522_205605_712802_proxy_dd_output_compress_lzma_30obj_100p0mb_2w_0p18ia_256bits_log_log_apptainer_compressible,,output,compress,LZMA,stage1,30,100.0,2,compressible,0.18,256,log-log,apptainer,/home/dantsanc/SimulatorContinuum/stages/single_queue.sif,8,4,compress:LZMA,27.57927364538773,23.819742,-3.759531645387728,13.631728281634642,27.57927364538773,23.819742,-3.759531645387728,13.631728281634642,27.57927364538773,23.819742,-3.759531645387728,13.631728281634642,27.57927364538773,23.819742,-3.759531645387728,13.631728281634642
ok,/lustre/uc3m_a0/dynamic/dantedomizzi/pruebassimulador/service_time_accuracy3/20260522_205644_071350_proxy_dd_output_compress_lzma_30obj_100p0mb_4w_0p18ia_256bits_linear_apptainer_compressible,,output,compress,LZMA,stage1,30,100.0,4,compressible,0.18,256,linear,apptainer,/home/dantsanc/SimulatorContinuum/stages/single_queue.sif,8,4,compress:LZMA,14.154516541777411,12.5709,-1.5836165417774115,11.18806521652172,14.154516541777411,12.5709,-1.5836165417774115,11.18806521652172,14.154516541777411,12.5709,-1.5836165417774115,11.18806521652172,14.154516541777411,12.5709,-1.5836165417774115,11.18806521652172
ok,/lustre/uc3m_a0/dynamic/dantedomizzi/pruebassimulador/service_time_accuracy3/20260522_205709_242973_proxy_dd_output_compress_lzma_30obj_100p0mb_4w_0p18ia_256bits_log_log_apptainer_compressible,,output,compress,LZMA,stage1,30,100.0,4,compressible,0.18,256,log-log,apptainer,/home/dantsanc/SimulatorContinuum/stages/single_queue.sif,8,4,compress:LZMA,14.478146122972248,12.798755,-1.6793911229722482,11.59949007772193,14.478146122972248,12.798755,-1.6793911229722482,11.59949007772193,14.478146122972248,12.798755,-1.6793911229722482,11.59949007772193,14.478146122972248,12.798755,-1.6793911229722482,11.59949007772193
ok,/lustre/uc3m_a0/dynamic/dantedomizzi/pruebassimulador/service_time_accuracy3/20260522_205733_321404_proxy_dd_output_compress_lzma_30obj_100p0mb_8w_0p18ia_256bits_linear_apptainer_compressible,,output,compress,LZMA,stage1,30,100.0,8,compressible,0.18,256,linear,apptainer,/home/dantsanc/SimulatorContinuum/stages/single_queue.sif,8,4,compress:LZMA,7.4571875463516335,7.992718,0.5355304536483665,7.181399828282048,7.4571875463516335,7.992718,0.5355304536483665,7.181399828282048,7.4571875463516335,7.992718,0.5355304536483665,7.181399828282048,7.4571875463516335,7.992718,0.5355304536483665,7.181399828282048
ok,/lustre/uc3m_a0/dynamic/dantedomizzi/pruebassimulador/service_time_accuracy3/20260522_205750_475011_proxy_dd_output_compress_lzma_30obj_100p0mb_8w_0p18ia_256bits_log_log_apptainer_compressible,,output,compress,LZMA,stage1,30,100.0,8,compressible,0.18,256,log-log,apptainer,/home/dantsanc/SimulatorContinuum/stages/single_queue.sif,8,4,compress:LZMA,7.406150775153947,8.154383,0.7482322248460527,10.102848936808199,7.406150775153947,8.154383,0.7482322248460527,10.102848936808199,7.406150775153947,8.154383,0.7482322248460527,10.102848936808199,7.406150775153947,8.154383,0.7482322248460527,10.102848936808199
ok,/lustre/uc3m_a0/dynamic/dantedomizzi/pruebassimulador/service_time_accuracy3/20260522_205804_972464_proxy_dd_output_compress_zlib_30obj_1p0mb_1w_0p18ia_256bits_linear_apptainer_compressible,,output,compress,ZLIB,stage1,30,1.0,1,compressible,0.18,256,linear,apptainer,/home/dantsanc/SimulatorContinuum/stages/single_queue.sif,8,4,compress:ZLIB,0.19158119696658105,0.169431,-0.02215019696658105,11.561780235899075,0.19158119696658105,0.169431,-0.02215019696658105,11.561780235899075,0.19158119696658105,0.169431,-0.02215019696658105,11.561780235899075,0.19158119696658105,0.169431,-0.02215019696658105,11.561780235899075
ok,/lustre/uc3m_a0/dynamic/dantedomizzi/pruebassimulador/service_time_accuracy3/20260522_205805_610833_proxy_dd_output_compress_zlib_30obj_1p0mb_1w_0p18ia_256bits_log_log_apptainer_compressible,,output,compress,ZLIB,stage1,30,1.0,1,compressible,0.18,256,log-log,apptainer,/home/dantsanc/SimulatorContinuum/stages/single_queue.sif,8,4,compress:ZLIB,0.19192255521193147,0.16974,-0.022182555211931465,11.55807621852276,0.19192255521193147,0.16974,-0.022182555211931465,11.55807621852276,0.19192255521193147,0.16974,-0.022182555211931465,11.55807621852276,0.19192255521193147,0.16974,-0.022182555211931465,11.55807621852276
ok,/lustre/uc3m_a0/dynamic/dantedomizzi/pruebassimulador/service_time_accuracy3/20260522_205806_215421_proxy_dd_output_compress_zlib_30obj_1p0mb_2w_0p18ia_256bits_linear_apptainer_compressible,,output,compress,ZLIB,stage1,30,1.0,2,compressible,0.18,256,linear,apptainer,/home/dantsanc/SimulatorContinuum/stages/single_queue.sif,8,4,compress:ZLIB,0.09611951286206022,0.08494,-0.011179512862060217,11.63084635905696,0.09611951286206022,0.08494,-0.011179512862060217,11.63084635905696,0.09611951286206022,0.08494,-0.011179512862060217,11.63084635905696,0.09611951286206022,0.08494,-0.011179512862060217,11.63084635905696
ok,/lustre/uc3m_a0/dynamic/dantedomizzi/pruebassimulador/service_time_accuracy3/20260522_205806_644260_proxy_dd_output_compress_zlib_30obj_1p0mb_2w_0p18ia_256bits_log_log_apptainer_compressible,,output,compress,ZLIB,stage1,30,1.0,2,compressible,0.18,256,log-log,apptainer,/home/dantsanc/SimulatorContinuum/stages/single_queue.sif,8,4,compress:ZLIB,0.09664111435995437,0.08504,-0.011601114359954368,12.004325940142072,0.09664111435995437,0.08504,-0.011601114359954368,12.004325940142072,0.09664111435995437,0.08504,-0.011601114359954368,12.004325940142072,0.09664111435995437,0.08504,-0.011601114359954368,12.004325940142072
ok,/lustre/uc3m_a0/dynamic/dantedomizzi/pruebassimulador/service_time_accuracy3/20260522_205807_121303_proxy_dd_output_compress_zlib_30obj_1p0mb_4w_0p18ia_256bits_linear_apptainer_compressible,,output,compress,ZLIB,stage1,30,1.0,4,compressible,0.18,256,linear,apptainer,/home/dantsanc/SimulatorContinuum/stages/single_queue.sif,8,4,compress:ZLIB,0.04917986186046619,0.045568,-0.0036118618604661923,7.344188706169648,0.04917986186046619,0.045568,-0.0036118618604661923,7.344188706169648,0.04917986186046619,0.045568,-0.0036118618604661923,7.344188706169648,0.04917986186046619,0.045568,-0.0036118618604661923,7.344188706169648
ok,/lustre/uc3m_a0/dynamic/dantedomizzi/pruebassimulador/service_time_accuracy3/20260522_205807_613834_proxy_dd_output_compress_zlib_30obj_1p0mb_4w_0p18ia_256bits_log_log_apptainer_compressible,,output,compress,ZLIB,stage1,30,1.0,4,compressible,0.18,256,log-log,apptainer,/home/dantsanc/SimulatorContinuum/stages/single_queue.sif,8,4,compress:ZLIB,0.04848016188770998,0.045633,-0.0028471618877099827,5.872839068286519,0.04848016188770998,0.045633,-0.0028471618877099827,5.872839068286519,0.04848016188770998,0.045633,-0.0028471618877099827,5.872839068286519,0.04848016188770998,0.045633,-0.0028471618877099827,5.872839068286519
ok,/lustre/uc3m_a0/dynamic/dantedomizzi/pruebassimulador/service_time_accuracy3/20260522_205807_999809_proxy_dd_output_compress_zlib_30obj_1p0mb_8w_0p18ia_256bits_linear_apptainer_compressible,,output,compress,ZLIB,stage1,30,1.0,8,compressible,0.18,256,linear,apptainer,/home/dantsanc/SimulatorContinuum/stages/single_queue.sif,8,4,compress:ZLIB,0.02505867712170584,0.034635,0.009576322878294158,38.21559626545146,0.02505867712170584,0.034635,0.009576322878294158,38.21559626545146,0.02505867712170584,0.034635,0.009576322878294158,38.21559626545146,0.02505867712170584,0.034635,0.009576322878294158,38.21559626545146
ok,/lustre/uc3m_a0/dynamic/dantedomizzi/pruebassimulador/service_time_accuracy3/20260522_205808_412073_proxy_dd_output_compress_zlib_30obj_1p0mb_8w_0p18ia_256bits_log_log_apptainer_compressible,,output,compress,ZLIB,stage1,30,1.0,8,compressible,0.18,256,log-log,apptainer,/home/dantsanc/SimulatorContinuum/stages/single_queue.sif,8,4,compress:ZLIB,0.024811546791170258,0.034637,0.009825453208829743,39.600325169273,0.024811546791170258,0.034637,0.009825453208829743,39.600325169273,0.024811546791170258,0.034637,0.009825453208829743,39.600325169273,0.024811546791170258,0.034637,0.009825453208829743,39.600325169273
ok,/lustre/uc3m_a0/dynamic/dantedomizzi/pruebassimulador/service_time_accuracy3/20260522_205808_841462_proxy_dd_output_compress_zlib_30obj_10p0mb_1w_0p18ia_256bits_linear_apptainer_compressible,,output,compress,ZLIB,stage1,30,10.0,1,compressible,0.18,256,linear,apptainer,/home/dantsanc/SimulatorContinuum/stages/single_queue.sif,8,4,compress:ZLIB,1.8934112298302352,1.666249,-0.22716222983023515,11.997511488859327,1.8934112298302352,1.666249,-0.22716222983023515,11.997511488859327,1.8934112298302352,1.666249,-0.22716222983023515,11.997511488859327,1.8934112298302352,1.666249,-0.22716222983023515,11.997511488859327
ok,/lustre/uc3m_a0/dynamic/dantedomizzi/pruebassimulador/service_time_accuracy3/20260522_205811_711644_proxy_dd_output_compress_zlib_30obj_10p0mb_1w_0p18ia_256bits_log_log_apptainer_compressible,,output,compress,ZLIB,stage1,30,10.0,1,compressible,0.18,256,log-log,apptainer,/home/dantsanc/SimulatorContinuum/stages/single_queue.sif,8,4,compress:ZLIB,1.8954565453459509,1.662121,-0.2333355453459509,12.310255590869454,1.8954565453459509,1.662121,-0.2333355453459509,12.310255590869454,1.8954565453459509,1.662121,-0.2333355453459509,12.310255590869454,1.8954565453459509,1.662121,-0.2333355453459509,12.310255590869454
ok,/lustre/uc3m_a0/dynamic/dantedomizzi/pruebassimulador/service_time_accuracy3/20260522_205814_617814_proxy_dd_output_compress_zlib_30obj_10p0mb_2w_0p18ia_256bits_linear_apptainer_compressible,,output,compress,ZLIB,stage1,30,10.0,2,compressible,0.18,256,linear,apptainer,/home/dantsanc/SimulatorContinuum/stages/single_queue.sif,8,4,compress:ZLIB,0.9561357490310911,0.836083,-0.12005274903109109,12.556036018185454,0.9561357490310911,0.836083,-0.12005274903109109,12.556036018185454,0.9561357490310911,0.836083,-0.12005274903109109,12.556036018185454,0.9561357490310911,0.836083,-0.12005274903109109,12.556036018185454
ok,/lustre/uc3m_a0/dynamic/dantedomizzi/pruebassimulador/service_time_accuracy3/20260522_205816_445922_proxy_dd_output_compress_zlib_30obj_10p0mb_2w_0p18ia_256bits_log_log_apptainer_compressible,,output,compress,ZLIB,stage1,30,10.0,2,compressible,0.18,256,log-log,apptainer,/home/dantsanc/SimulatorContinuum/stages/single_queue.sif,8,4,compress:ZLIB,0.9547202710236888,0.83263,-0.12209027102368886,12.788067324974554,0.9547202710236888,0.83263,-0.12209027102368886,12.788067324974554,0.9547202710236888,0.83263,-0.12209027102368886,12.788067324974554,0.9547202710236888,0.83263,-0.12209027102368886,12.788067324974554
ok,/lustre/uc3m_a0/dynamic/dantedomizzi/pruebassimulador/service_time_accuracy3/20260522_205818_329507_proxy_dd_output_compress_zlib_30obj_10p0mb_4w_0p18ia_256bits_linear_apptainer_compressible,,output,compress,ZLIB,stage1,30,10.0,4,compressible,0.18,256,linear,apptainer,/home/dantsanc/SimulatorContinuum/stages/single_queue.sif,8,4,compress:ZLIB,0.47862384298059624,0.447235,-0.03138884298059624,6.5581444470305605,0.47862384298059624,0.447235,-0.03138884298059624,6.5581444470305605,0.47862384298059624,0.447235,-0.03138884298059624,6.5581444470305605,0.47862384298059624,0.447235,-0.03138884298059624,6.5581444470305605
ok,/lustre/uc3m_a0/dynamic/dantedomizzi/pruebassimulador/service_time_accuracy3/20260522_205819_643592_proxy_dd_output_compress_zlib_30obj_10p0mb_4w_0p18ia_256bits_log_log_apptainer_compressible,,output,compress,ZLIB,stage1,30,10.0,4,compressible,0.18,256,log-log,apptainer,/home/dantsanc/SimulatorContinuum/stages/single_queue.sif,8,4,compress:ZLIB,0.47903942098491825,0.445707,-0.03333242098491823,6.958179123627415,0.47903942098491825,0.445707,-0.03333242098491823,6.958179123627415,0.47903942098491825,0.445707,-0.03333242098491823,6.958179123627415,0.47903942098491825,0.445707,-0.03333242098491823,6.958179123627415
ok,/lustre/uc3m_a0/dynamic/dantedomizzi/pruebassimulador/service_time_accuracy3/20260522_205820_956991_proxy_dd_output_compress_zlib_30obj_10p0mb_8w_0p18ia_256bits_linear_apptainer_compressible,,output,compress,ZLIB,stage1,30,10.0,8,compressible,0.18,256,linear,apptainer,/home/dantsanc/SimulatorContinuum/stages/single_queue.sif,8,4,compress:ZLIB,0.24058912299369695,0.279429,0.038839877006303036,16.143654593778365,0.24058912299369695,0.279429,0.038839877006303036,16.143654593778365,0.24058912299369695,0.279429,0.038839877006303036,16.143654593778365,0.24058912299369695,0.279429,0.038839877006303036,16.143654593778365
ok,/lustre/uc3m_a0/dynamic/dantedomizzi/pruebassimulador/service_time_accuracy3/20260522_205822_068495_proxy_dd_output_compress_zlib_30obj_10p0mb_8w_0p18ia_256bits_log_log_apptainer_compressible,,output,compress,ZLIB,stage1,30,10.0,8,compressible,0.18,256,log-log,apptainer,/home/dantsanc/SimulatorContinuum/stages/single_queue.sif,8,4,compress:ZLIB,0.24141955587401753,0.222963,-0.01845655587401754,7.645012769242651,0.24141955587401753,0.222963,-0.01845655587401754,7.645012769242651,0.24141955587401753,0.222963,-0.01845655587401754,7.645012769242651,0.24141955587401753,0.222963,-0.01845655587401754,7.645012769242651
ok,/lustre/uc3m_a0/dynamic/dantedomizzi/pruebassimulador/service_time_accuracy3/20260522_205823_207816_proxy_dd_output_compress_zlib_30obj_100p0mb_1w_0p18ia_256bits_linear_apptainer_compressible,,output,compress,ZLIB,stage1,30,100.0,1,compressible,0.18,256,linear,apptainer,/home/dantsanc/SimulatorContinuum/stages/single_queue.sif,8,4,compress:ZLIB,19.730116757913493,17.266939,-2.463177757913492,12.484354695597752,19.730116757913493,17.266939,-2.463177757913492,12.484354695597752,19.730116757913493,17.266939,-2.463177757913492,12.484354695597752,19.730116757913493,17.266939,-2.463177757913492,12.484354695597752
ok,/lustre/uc3m_a0/dynamic/dantedomizzi/pruebassimulador/service_time_accuracy3/20260522_205855_267209_proxy_dd_output_compress_zlib_30obj_100p0mb_1w_0p18ia_256bits_log_log_apptainer_compressible,,output,compress,ZLIB,stage1,30,100.0,1,compressible,0.18,256,log-log,apptainer,/home/dantsanc/SimulatorContinuum/stages/single_queue.sif,8,4,compress:ZLIB,19.827166745672002,17.201546,-2.625620745672002,13.242541303815578,19.827166745672002,17.201546,-2.625620745672002,13.242541303815578,19.827166745672002,17.201546,-2.625620745672002,13.242541303815578,19.827166745672002,17.201546,-2.625620745672002,13.242541303815578
ok,/lustre/uc3m_a0/dynamic/dantedomizzi/pruebassimulador/service_time_accuracy3/20260522_205927_953800_proxy_dd_output_compress_zlib_30obj_100p0mb_2w_0p18ia_256bits_linear_apptainer_compressible,,output,compress,ZLIB,stage1,30,100.0,2,compressible,0.18,256,linear,apptainer,/home/dantsanc/SimulatorContinuum/stages/single_queue.sif,8,4,compress:ZLIB,10.008408384397626,8.695181,-1.313227384397626,13.12124100016593,10.008408384397626,8.695181,-1.313227384397626,13.12124100016593,10.008408384397626,8.695181,-1.313227384397626,13.12124100016593,10.008408384397626,8.695181,-1.313227384397626,13.12124100016593
ok,/lustre/uc3m_a0/dynamic/dantedomizzi/pruebassimulador/service_time_accuracy3/20260522_205949_464909_proxy_dd_output_compress_zlib_30obj_100p0mb_2w_0p18ia_256bits_log_log_apptainer_compressible,,output,compress,ZLIB,stage1,30,100.0,2,compressible,0.18,256,log-log,apptainer,/home/dantsanc/SimulatorContinuum/stages/single_queue.sif,8,4,compress:ZLIB,9.995060502260458,8.730647,-1.2644135022604583,12.650383676762154,9.995060502260458,8.730647,-1.2644135022604583,12.650383676762154,9.995060502260458,8.730647,-1.2644135022604583,12.650383676762154,9.995060502260458,8.730647,-1.2644135022604583,12.650383676762154
ok,/lustre/uc3m_a0/dynamic/dantedomizzi/pruebassimulador/service_time_accuracy3/20260522_210010_393867_proxy_dd_output_compress_zlib_30obj_100p0mb_4w_0p18ia_256bits_linear_apptainer_compressible,,output,compress,ZLIB,stage1,30,100.0,4,compressible,0.18,256,linear,apptainer,/home/dantsanc/SimulatorContinuum/stages/single_queue.sif,8,4,compress:ZLIB,5.116197074297816,4.766276,-0.34992107429781516,6.839476064276528,5.116197074297816,4.766276,-0.34992107429781516,6.839476064276528,5.116197074297816,4.766276,-0.34992107429781516,6.839476064276528,5.116197074297816,4.766276,-0.34992107429781516,6.839476064276528
ok,/lustre/uc3m_a0/dynamic/dantedomizzi/pruebassimulador/service_time_accuracy3/20260522_210026_104954_proxy_dd_output_compress_zlib_30obj_100p0mb_4w_0p18ia_256bits_log_log_apptainer_compressible,,output,compress,ZLIB,stage1,30,100.0,4,compressible,0.18,256,log-log,apptainer,/home/dantsanc/SimulatorContinuum/stages/single_queue.sif,8,4,compress:ZLIB,5.167546483644401,4.783859,-0.3836874836444011,7.424944988086615,5.167546483644401,4.783859,-0.3836874836444011,7.424944988086615,5.167546483644401,4.783859,-0.3836874836444011,7.424944988086615,5.167546483644401,4.783859,-0.3836874836444011,7.424944988086615
ok,/lustre/uc3m_a0/dynamic/dantedomizzi/pruebassimulador/service_time_accuracy3/20260522_210041_112115_proxy_dd_output_compress_zlib_30obj_100p0mb_8w_0p18ia_256bits_linear_apptainer_compressible,,output,compress,ZLIB,stage1,30,100.0,8,compressible,0.18,256,linear,apptainer,/home/dantsanc/SimulatorContinuum/stages/single_queue.sif,8,4,compress:ZLIB,2.6421024361698073,2.472818,-0.16928443616980715,6.4071867105658,2.6421024361698073,2.472818,-0.16928443616980715,6.4071867105658,2.6421024361698073,2.472818,-0.16928443616980715,6.4071867105658,2.6421024361698073,2.472818,-0.16928443616980715,6.4071867105658
ok,/lustre/uc3m_a0/dynamic/dantedomizzi/pruebassimulador/service_time_accuracy3/20260522_210053_901445_proxy_dd_output_compress_zlib_30obj_100p0mb_8w_0p18ia_256bits_log_log_apptainer_compressible,,output,compress,ZLIB,stage1,30,100.0,8,compressible,0.18,256,log-log,apptainer,/home/dantsanc/SimulatorContinuum/stages/single_queue.sif,8,4,compress:ZLIB,2.6313960266707,2.488261,-0.14313502667069988,5.439509113031438,2.6313960266707,2.488261,-0.14313502667069988,5.439509113031438,2.6313960266707,2.488261,-0.14313502667069988,5.439509113031438,2.6313960266707,2.488261,-0.14313502667069988,5.439509113031438
ok,/lustre/uc3m_a0/dynamic/dantedomizzi/pruebassimulador/service_time_accuracy3/20260522_210104_815594_proxy_dd_output_compress_zstd_30obj_1p0mb_1w_0p18ia_256bits_linear_apptainer_compressible,,output,compress,ZSTD,stage1,30,1.0,1,compressible,0.18,256,linear,apptainer,/home/dantsanc/SimulatorContinuum/stages/single_queue.sif,8,4,compress:ZSTD,0.029684960085432976,0.029496,-0.0001889600854329751,0.6365515900616007,0.029684960085432976,0.029496,-0.0001889600854329751,0.6365515900616007,0.029684960085432976,0.029496,-0.0001889600854329751,0.6365515900616007,0.029684960085432976,0.029496,-0.0001889600854329751,0.6365515900616007
ok,/lustre/uc3m_a0/dynamic/dantedomizzi/pruebassimulador/service_time_accuracy3/20260522_210105_284454_proxy_dd_output_compress_zstd_30obj_1p0mb_1w_0p18ia_256bits_log_log_apptainer_compressible,,output,compress,ZSTD,stage1,30,1.0,1,compressible,0.18,256,log-log,apptainer,/home/dantsanc/SimulatorContinuum/stages/single_queue.sif,8,4,compress:ZSTD,0.027272164879832417,0.027862,0.0005898351201675846,2.162773372655002,0.027272164879832417,0.027862,0.0005898351201675846,2.162773372655002,0.027272164879832417,0.027862,0.0005898351201675846,2.162773372655002,0.027272164879832417,0.027862,0.0005898351201675846,2.162773372655002
ok,/lustre/uc3m_a0/dynamic/dantedomizzi/pruebassimulador/service_time_accuracy3/20260522_210105_694165_proxy_dd_output_compress_zstd_30obj_1p0mb_2w_0p18ia_256bits_linear_apptainer_compressible,,output,compress,ZSTD,stage1,30,1.0,2,compressible,0.18,256,linear,apptainer,/home/dantsanc/SimulatorContinuum/stages/single_queue.sif,8,4,compress:ZSTD,0.0148052501026541,0.015603,0.0007977498973459011,5.388290584857398,0.0148052501026541,0.015603,0.0007977498973459011,5.388290584857398,0.0148052501026541,0.015603,0.0007977498973459011,5.388290584857398,0.0148052501026541,0.015603,0.0007977498973459011,5.388290584857398
ok,/lustre/uc3m_a0/dynamic/dantedomizzi/pruebassimulador/service_time_accuracy3/20260522_210106_074996_proxy_dd_output_compress_zstd_30obj_1p0mb_2w_0p18ia_256bits_log_log_apptainer_compressible,,output,compress,ZSTD,stage1,30,1.0,2,compressible,0.18,256,log-log,apptainer,/home/dantsanc/SimulatorContinuum/stages/single_queue.sif,8,4,compress:ZSTD,0.014762923470698297,0.014871,0.00010807652930170351,0.7320808071396946,0.014762923470698297,0.014871,0.00010807652930170351,0.7320808071396946,0.014762923470698297,0.014871,0.00010807652930170351,0.7320808071396946,0.014762923470698297,0.014871,0.00010807652930170351,0.7320808071396946
ok,/lustre/uc3m_a0/dynamic/dantedomizzi/pruebassimulador/service_time_accuracy3/20260522_210106_461687_proxy_dd_output_compress_zstd_30obj_1p0mb_4w_0p18ia_256bits_linear_apptainer_compressible,,output,compress,ZSTD,stage1,30,1.0,4,compressible,0.18,256,linear,apptainer,/home/dantsanc/SimulatorContinuum/stages/single_queue.sif,8,4,compress:ZSTD,0.008312618738273159,0.008973,0.0006603812617268414,7.944322752182753,0.008312618738273159,0.008973,0.0006603812617268414,7.944322752182753,0.008312618738273159,0.008973,0.0006603812617268414,7.944322752182753,0.008312618738273159,0.008973,0.0006603812617268414,7.944322752182753
ok,/lustre/uc3m_a0/dynamic/dantedomizzi/pruebassimulador/service_time_accuracy3/20260522_210106_852078_proxy_dd_output_compress_zstd_30obj_1p0mb_4w_0p18ia_256bits_log_log_apptainer_compressible,,output,compress,ZSTD,stage1,30,1.0,4,compressible,0.18,256,log-log,apptainer,/home/dantsanc/SimulatorContinuum/stages/single_queue.sif,8,4,compress:ZSTD,0.008375775170861743,0.008794,0.00041822482913825634,4.993267137747528,0.008375775170861743,0.008794,0.00041822482913825634,4.993267137747528,0.008375775170861743,0.008794,0.00041822482913825634,4.993267137747528,0.008375775170861743,0.008794,0.00041822482913825634,4.993267137747528
ok,/lustre/uc3m_a0/dynamic/dantedomizzi/pruebassimulador/service_time_accuracy3/20260522_210107_215077_proxy_dd_output_compress_zstd_30obj_1p0mb_8w_0p18ia_256bits_linear_apptainer_compressible,,output,compress,ZSTD,stage1,30,1.0,8,compressible,0.18,256,linear,apptainer,/home/dantsanc/SimulatorContinuum/stages/single_queue.sif,8,4,compress:ZSTD,0.0044372559859766625,0.004522,8.474401402333749e-05,1.9098292794276304,0.0044372559859766625,0.004522,8.474401402333749e-05,1.9098292794276304,0.0044372559859766625,0.004522,8.474401402333749e-05,1.9098292794276304,0.0044372559859766625,0.004522,8.474401402333749e-05,1.9098292794276304
ok,/lustre/uc3m_a0/dynamic/dantedomizzi/pruebassimulador/service_time_accuracy3/20260522_210107_625926_proxy_dd_output_compress_zstd_30obj_1p0mb_8w_0p18ia_256bits_log_log_apptainer_compressible,,output,compress,ZSTD,stage1,30,1.0,8,compressible,0.18,256,log-log,apptainer,/home/dantsanc/SimulatorContinuum/stages/single_queue.sif,8,4,compress:ZSTD,0.004396041826112196,0.004301,-9.504182611219571e-05,2.1619863930241423,0.004396041826112196,0.004301,-9.504182611219571e-05,2.1619863930241423,0.004396041826112196,0.004301,-9.504182611219571e-05,2.1619863930241423,0.004396041826112196,0.004301,-9.504182611219571e-05,2.1619863930241423
ok,/lustre/uc3m_a0/dynamic/dantedomizzi/pruebassimulador/service_time_accuracy3/20260522_210107_991636_proxy_dd_output_compress_zstd_30obj_10p0mb_1w_0p18ia_256bits_linear_apptainer_compressible,,output,compress,ZSTD,stage1,30,10.0,1,compressible,0.18,256,linear,apptainer,/home/dantsanc/SimulatorContinuum/stages/single_queue.sif,8,4,compress:ZSTD,0.2123839186388068,0.227154,0.014770081361193205,6.954425483744895,0.2123839186388068,0.227154,0.014770081361193205,6.954425483744895,0.2123839186388068,0.227154,0.014770081361193205,6.954425483744895,0.2123839186388068,0.227154,0.014770081361193205,6.954425483744895
ok,/lustre/uc3m_a0/dynamic/dantedomizzi/pruebassimulador/service_time_accuracy3/20260522_210109_256429_proxy_dd_output_compress_zstd_30obj_10p0mb_1w_0p18ia_256bits_log_log_apptainer_compressible,,output,compress,ZSTD,stage1,30,10.0,1,compressible,0.18,256,log-log,apptainer,/home/dantsanc/SimulatorContinuum/stages/single_queue.sif,8,4,compress:ZSTD,0.21342728898162022,0.238412,0.02498471101837979,11.706427578964098,0.21342728898162022,0.238412,0.02498471101837979,11.706427578964098,0.21342728898162022,0.238412,0.02498471101837979,11.706427578964098,0.21342728898162022,0.238412,0.02498471101837979,11.706427578964098
ok,/lustre/uc3m_a0/dynamic/dantedomizzi/pruebassimulador/service_time_accuracy3/20260522_210110_453863_proxy_dd_output_compress_zstd_30obj_10p0mb_2w_0p18ia_256bits_linear_apptainer_compressible,,output,compress,ZSTD,stage1,30,10.0,2,compressible,0.18,256,linear,apptainer,/home/dantsanc/SimulatorContinuum/stages/single_queue.sif,8,4,compress:ZSTD,0.11505388503428549,0.119707,0.004653114965714508,4.04429191098406,0.11505388503428549,0.119707,0.004653114965714508,4.04429191098406,0.11505388503428549,0.119707,0.004653114965714508,4.04429191098406,0.11505388503428549,0.119707,0.004653114965714508,4.04429191098406
ok,/lustre/uc3m_a0/dynamic/dantedomizzi/pruebassimulador/service_time_accuracy3/20260522_210111_430694_proxy_dd_output_compress_zstd_30obj_10p0mb_2w_0p18ia_256bits_log_log_apptainer_compressible,,output,compress,ZSTD,stage1,30,10.0,2,compressible,0.18,256,log-log,apptainer,/home/dantsanc/SimulatorContinuum/stages/single_queue.sif,8,4,compress:ZSTD,0.11464688184787519,0.124312,0.009665118152124813,8.43033669677074,0.11464688184787519,0.124312,0.009665118152124813,8.43033669677074,0.11464688184787519,0.124312,0.009665118152124813,8.43033669677074,0.11464688184787519,0.124312,0.009665118152124813,8.43033669677074
ok,/lustre/uc3m_a0/dynamic/dantedomizzi/pruebassimulador/service_time_accuracy3/20260522_210112_424999_proxy_dd_output_compress_zstd_30obj_10p0mb_4w_0p18ia_256bits_linear_apptainer_compressible,,output,compress,ZSTD,stage1,30,10.0,4,compressible,0.18,256,linear,apptainer,/home/dantsanc/SimulatorContinuum/stages/single_queue.sif,8,4,compress:ZSTD,0.061622927052667364,0.067516,0.005893072947332642,9.563117542754826,0.061622927052667364,0.067516,0.005893072947332642,9.563117542754826,0.061622927052667364,0.067516,0.005893072947332642,9.563117542754826,0.061622927052667364,0.067516,0.005893072947332642,9.563117542754826
ok,/lustre/uc3m_a0/dynamic/dantedomizzi/pruebassimulador/service_time_accuracy3/20260522_210113_393062_proxy_dd_output_compress_zstd_30obj_10p0mb_4w_0p18ia_256bits_log_log_apptainer_compressible,,output,compress,ZSTD,stage1,30,10.0,4,compressible,0.18,256,log-log,apptainer,/home/dantsanc/SimulatorContinuum/stages/single_queue.sif,8,4,compress:ZSTD,0.06179120151500683,0.071086,0.009294798484993164,15.042268570770217,0.06179120151500683,0.071086,0.009294798484993164,15.042268570770217,0.06179120151500683,0.071086,0.009294798484993164,15.042268570770217,0.06179120151500683,0.071086,0.009294798484993164,15.042268570770217
ok,/lustre/uc3m_a0/dynamic/dantedomizzi/pruebassimulador/service_time_accuracy3/20260522_210114_367656_proxy_dd_output_compress_zstd_30obj_10p0mb_8w_0p18ia_256bits_linear_apptainer_compressible,,output,compress,ZSTD,stage1,30,10.0,8,compressible,0.18,256,linear,apptainer,/home/dantsanc/SimulatorContinuum/stages/single_queue.sif,8,4,compress:ZSTD,0.03051803667767672,0.041227,0.010708963322323281,35.09060374829635,0.03051803667767672,0.041227,0.010708963322323281,35.09060374829635,0.03051803667767672,0.041227,0.010708963322323281,35.09060374829635,0.03051803667767672,0.041227,0.010708963322323281,35.09060374829635
ok,/lustre/uc3m_a0/dynamic/dantedomizzi/pruebassimulador/service_time_accuracy3/20260522_210115_338295_proxy_dd_output_compress_zstd_30obj_10p0mb_8w_0p18ia_256bits_log_log_apptainer_compressible,,output,compress,ZSTD,stage1,30,10.0,8,compressible,0.18,256,log-log,apptainer,/home/dantsanc/SimulatorContinuum/stages/single_queue.sif,8,4,compress:ZSTD,0.030296926488517784,0.034432,0.004135073511482214,13.648491747337351,0.030296926488517784,0.034432,0.004135073511482214,13.648491747337351,0.030296926488517784,0.034432,0.004135073511482214,13.648491747337351,0.030296926488517784,0.034432,0.004135073511482214,13.648491747337351
ok,/lustre/uc3m_a0/dynamic/dantedomizzi/pruebassimulador/service_time_accuracy3/20260522_210116_301399_proxy_dd_output_compress_zstd_30obj_100p0mb_1w_0p18ia_256bits_linear_apptainer_compressible,,output,compress,ZSTD,stage1,30,100.0,1,compressible,0.18,256,linear,apptainer,/home/dantsanc/SimulatorContinuum/stages/single_queue.sif,8,4,compress:ZSTD,2.589960368874017,2.864908,0.27494763112598264,10.615901093711171,2.589960368874017,2.864908,0.27494763112598264,10.615901093711171,2.589960368874017,2.864908,0.27494763112598264,10.615901093711171,2.589960368874017,2.864908,0.27494763112598264,10.615901093711171
ok,/lustre/uc3m_a0/dynamic/dantedomizzi/pruebassimulador/service_time_accuracy3/20260522_210132_878598_proxy_dd_output_compress_zstd_30obj_100p0mb_1w_0p18ia_256bits_log_log_apptainer_compressible,,output,compress,ZSTD,stage1,30,100.0,1,compressible,0.18,256,log-log,apptainer,/home/dantsanc/SimulatorContinuum/stages/single_queue.sif,8,4,compress:ZSTD,2.5933646922931075,2.884455,0.2910903077068925,11.22442626646175,2.5933646922931075,2.884455,0.2910903077068925,11.22442626646175,2.5933646922931075,2.884455,0.2910903077068925,11.22442626646175,2.5933646922931075,2.884455,0.2910903077068925,11.22442626646175
ok,/lustre/uc3m_a0/dynamic/dantedomizzi/pruebassimulador/service_time_accuracy3/20260522_210148_271987_proxy_dd_output_compress_zstd_30obj_100p0mb_2w_0p18ia_256bits_linear_apptainer_compressible,,output,compress,ZSTD,stage1,30,100.0,2,compressible,0.18,256,linear,apptainer,/home/dantsanc/SimulatorContinuum/stages/single_queue.sif,8,4,compress:ZSTD,1.3762124190106988,1.4796,0.10338758098930123,7.512472606781315,1.3762124190106988,1.4796,0.10338758098930123,7.512472606781315,1.3762124190106988,1.4796,0.10338758098930123,7.512472606781315,1.3762124190106988,1.4796,0.10338758098930123,7.512472606781315
ok,/lustre/uc3m_a0/dynamic/dantedomizzi/pruebassimulador/service_time_accuracy3/20260522_210201_177784_proxy_dd_output_compress_zstd_30obj_100p0mb_2w_0p18ia_256bits_log_log_apptainer_compressible,,output,compress,ZSTD,stage1,30,100.0,2,compressible,0.18,256,log-log,apptainer,/home/dantsanc/SimulatorContinuum/stages/single_queue.sif,8,4,compress:ZSTD,1.3860237550688908,1.494667,0.10864324493110922,7.838483614280422,1.3860237550688908,1.494667,0.10864324493110922,7.838483614280422,1.3860237550688908,1.494667,0.10864324493110922,7.838483614280422,1.3860237550688908,1.494667,0.10864324493110922,7.838483614280422
ok,/lustre/uc3m_a0/dynamic/dantedomizzi/pruebassimulador/service_time_accuracy3/20260522_210213_658119_proxy_dd_output_compress_zstd_30obj_100p0mb_4w_0p18ia_256bits_linear_apptainer_compressible,,output,compress,ZSTD,stage1,30,100.0,4,compressible,0.18,256,linear,apptainer,/home/dantsanc/SimulatorContinuum/stages/single_queue.sif,8,4,compress:ZSTD,0.7430953013536055,0.862578,0.11948269864639449,16.079054520832997,0.7430953013536055,0.862578,0.11948269864639449,16.079054520832997,0.7430953013536055,0.862578,0.11948269864639449,16.079054520832997,0.7430953013536055,0.862578,0.11948269864639449,16.079054520832997
ok,/lustre/uc3m_a0/dynamic/dantedomizzi/pruebassimulador/service_time_accuracy3/20260522_210225_832685_proxy_dd_output_compress_zstd_30obj_100p0mb_4w_0p18ia_256bits_log_log_apptainer_compressible,,output,compress,ZSTD,stage1,30,100.0,4,compressible,0.18,256,log-log,apptainer,/home/dantsanc/SimulatorContinuum/stages/single_queue.sif,8,4,compress:ZSTD,0.7346617603034247,0.85811,0.12344823969657537,16.803411633346705,0.7346617603034247,0.85811,0.12344823969657537,16.803411633346705,0.7346617603034247,0.85811,0.12344823969657537,16.803411633346705,0.7346617603034247,0.85811,0.12344823969657537,16.803411633346705
ok,/lustre/uc3m_a0/dynamic/dantedomizzi/pruebassimulador/service_time_accuracy3/20260522_210237_973570_proxy_dd_output_compress_zstd_30obj_100p0mb_8w_0p18ia_256bits_linear_apptainer_compressible,,output,compress,ZSTD,stage1,30,100.0,8,compressible,0.18,256,linear,apptainer,/home/dantsanc/SimulatorContinuum/stages/single_queue.sif,8,4,compress:ZSTD,0.3675418779166648,0.426428,0.05888612208333516,16.021608861857857,0.3675418779166648,0.426428,0.05888612208333516,16.021608861857857,0.3675418779166648,0.426428,0.05888612208333516,16.021608861857857,0.3675418779166648,0.426428,0.05888612208333516,16.021608861857857
ok,/lustre/uc3m_a0/dynamic/dantedomizzi/pruebassimulador/service_time_accuracy3/20260522_210250_314965_proxy_dd_output_compress_zstd_30obj_100p0mb_8w_0p18ia_256bits_log_log_apptainer_compressible,,output,compress,ZSTD,stage1,30,100.0,8,compressible,0.18,256,log-log,apptainer,/home/dantsanc/SimulatorContinuum/stages/single_queue.sif,8,4,compress:ZSTD,0.37157338795805117,0.543479,0.17190561204194887,46.264242169397825,0.37157338795805117,0.543479,0.17190561204194887,46.264242169397825,0.37157338795805117,0.543479,0.17190561204194887,46.264242169397825,0.37157338795805117,0.543479,0.17190561204194887,46.264242169397825
ok,/lustre/uc3m_a0/dynamic/dantedomizzi/pruebassimulador/service_time_accuracy3/20260522_210302_514590_proxy_dd_output_hash_blake3_30obj_1p0mb_1w_0p18ia_256bits_linear_apptainer_compressible,,output,hash,BLAKE3,stage1,30,1.0,1,compressible,0.18,256,linear,apptainer,/home/dantsanc/SimulatorContinuum/stages/single_queue.sif,8,4,hash_calculate:BLAKE3,0.023889529053121805,0.025043,0.001153470946878194,4.828353645286541,0.023889529053121805,0.025043,0.001153470946878194,4.828353645286541,0.023889529053121805,0.025043,0.001153470946878194,4.828353645286541,0.023889529053121805,0.025043,0.001153470946878194,4.828353645286541
ok,/lustre/uc3m_a0/dynamic/dantedomizzi/pruebassimulador/service_time_accuracy3/20260522_210302_931953_proxy_dd_output_hash_blake3_30obj_1p0mb_1w_0p18ia_256bits_log_log_apptainer_compressible,,output,hash,BLAKE3,stage1,30,1.0,1,compressible,0.18,256,log-log,apptainer,/home/dantsanc/SimulatorContinuum/stages/single_queue.sif,8,4,hash_calculate:BLAKE3,0.023717778269201517,0.025039,0.0013212217307984817,5.570596519633295,0.023717778269201517,0.025039,0.0013212217307984817,5.570596519633295,0.023717778269201517,0.025039,0.0013212217307984817,5.570596519633295,0.023717778269201517,0.025039,0.0013212217307984817,5.570596519633295
ok,/lustre/uc3m_a0/dynamic/dantedomizzi/pruebassimulador/service_time_accuracy3/20260522_210303_412739_proxy_dd_output_hash_blake3_30obj_1p0mb_2w_0p18ia_256bits_linear_apptainer_compressible,,output,hash,BLAKE3,stage1,30,1.0,2,compressible,0.18,256,linear,apptainer,/home/dantsanc/SimulatorContinuum/stages/single_queue.sif,8,4,hash_calculate:BLAKE3,0.01206437314976938,0.012796,0.0007316268502306194,6.064358596572463,0.01206437314976938,0.012796,0.0007316268502306194,6.064358596572463,0.01206437314976938,0.012796,0.0007316268502306194,6.064358596572463,0.01206437314976938,0.012796,0.0007316268502306194,6.064358596572463
ok,/lustre/uc3m_a0/dynamic/dantedomizzi/pruebassimulador/service_time_accuracy3/20260522_210303_805436_proxy_dd_output_hash_blake3_30obj_1p0mb_2w_0p18ia_256bits_log_log_apptainer_compressible,,output,hash,BLAKE3,stage1,30,1.0,2,compressible,0.18,256,log-log,apptainer,/home/dantsanc/SimulatorContinuum/stages/single_queue.sif,8,4,hash_calculate:BLAKE3,0.012263651529792696,0.012936,0.0006723484702073033,5.482449240945357,0.012263651529792696,0.012936,0.0006723484702073033,5.482449240945357,0.012263651529792696,0.012936,0.0006723484702073033,5.482449240945357,0.012263651529792696,0.012936,0.0006723484702073033,5.482449240945357
ok,/lustre/uc3m_a0/dynamic/dantedomizzi/pruebassimulador/service_time_accuracy3/20260522_210304_225638_proxy_dd_output_hash_blake3_30obj_1p0mb_4w_0p18ia_256bits_linear_apptainer_compressible,,output,hash,BLAKE3,stage1,30,1.0,4,compressible,0.18,256,linear,apptainer,/home/dantsanc/SimulatorContinuum/stages/single_queue.sif,8,4,hash_calculate:BLAKE3,0.0064082929893629625,0.007179,0.0007707070106370371,12.026713071894857,0.0064082929893629625,0.007179,0.0007707070106370371,12.026713071894857,0.0064082929893629625,0.007179,0.0007707070106370371,12.026713071894857,0.0064082929893629625,0.007179,0.0007707070106370371,12.026713071894857
ok,/lustre/uc3m_a0/dynamic/dantedomizzi/pruebassimulador/service_time_accuracy3/20260522_210304_577808_proxy_dd_output_hash_blake3_30obj_1p0mb_4w_0p18ia_256bits_log_log_apptainer_compressible,,output,hash,BLAKE3,stage1,30,1.0,4,compressible,0.18,256,log-log,apptainer,/home/dantsanc/SimulatorContinuum/stages/single_queue.sif,8,4,hash_calculate:BLAKE3,0.0065441334882052615,0.007244,0.000699866511794738,10.694563505712923,0.0065441334882052615,0.007244,0.000699866511794738,10.694563505712923,0.0065441334882052615,0.007244,0.000699866511794738,10.694563505712923,0.0065441334882052615,0.007244,0.000699866511794738,10.694563505712923
ok,/lustre/uc3m_a0/dynamic/dantedomizzi/pruebassimulador/service_time_accuracy3/20260522_210304_994759_proxy_dd_output_hash_blake3_30obj_1p0mb_8w_0p18ia_256bits_linear_apptainer_compressible,,output,hash,BLAKE3,stage1,30,1.0,8,compressible,0.18,256,linear,apptainer,/home/dantsanc/SimulatorContinuum/stages/single_queue.sif,8,4,hash_calculate:BLAKE3,0.0033776402269722894,0.003773,0.0003953597730277105,11.705206785214962,0.0033776402269722894,0.003773,0.0003953597730277105,11.705206785214962,0.0033776402269722894,0.003773,0.0003953597730277105,11.705206785214962,0.0033776402269722894,0.003773,0.0003953597730277105,11.705206785214962
ok,/lustre/uc3m_a0/dynamic/dantedomizzi/pruebassimulador/service_time_accuracy3/20260522_210305_373197_proxy_dd_output_hash_blake3_30obj_1p0mb_8w_0p18ia_256bits_log_log_apptainer_compressible,,output,hash,BLAKE3,stage1,30,1.0,8,compressible,0.18,256,log-log,apptainer,/home/dantsanc/SimulatorContinuum/stages/single_queue.sif,8,4,hash_calculate:BLAKE3,0.0034029769522021525,0.003789,0.00038602304779784737,11.343686813630697,0.0034029769522021525,0.003789,0.00038602304779784737,11.343686813630697,0.0034029769522021525,0.003789,0.00038602304779784737,11.343686813630697,0.0034029769522021525,0.003789,0.00038602304779784737,11.343686813630697
ok,/lustre/uc3m_a0/dynamic/dantedomizzi/pruebassimulador/service_time_accuracy3/20260522_210305_756753_proxy_dd_output_hash_blake3_30obj_10p0mb_1w_0p18ia_256bits_linear_apptainer_compressible,,output,hash,BLAKE3,stage1,30,10.0,1,compressible,0.18,256,linear,apptainer,/home/dantsanc/SimulatorContinuum/stages/single_queue.sif,8,4,hash_calculate:BLAKE3,0.22438135143602267,0.237639,0.01325764856397732,5.908534055584134,0.22438135143602267,0.237639,0.01325764856397732,5.908534055584134,0.22438135143602267,0.237639,0.01325764856397732,5.908534055584134,0.22438135143602267,0.237639,0.01325764856397732,5.908534055584134
ok,/lustre/uc3m_a0/dynamic/dantedomizzi/pruebassimulador/service_time_accuracy3/20260522_210307_212204_proxy_dd_output_hash_blake3_30obj_10p0mb_1w_0p18ia_256bits_log_log_apptainer_compressible,,output,hash,BLAKE3,stage1,30,10.0,1,compressible,0.18,256,log-log,apptainer,/home/dantsanc/SimulatorContinuum/stages/single_queue.sif,8,4,hash_calculate:BLAKE3,0.22589257097570226,0.242919,0.01702642902429774,7.5374010534101,0.22589257097570226,0.242919,0.01702642902429774,7.5374010534101,0.22589257097570226,0.242919,0.01702642902429774,7.5374010534101,0.22589257097570226,0.242919,0.01702642902429774,7.5374010534101
ok,/lustre/uc3m_a0/dynamic/dantedomizzi/pruebassimulador/service_time_accuracy3/20260522_210308_628486_proxy_dd_output_hash_blake3_30obj_10p0mb_2w_0p18ia_256bits_linear_apptainer_compressible,,output,hash,BLAKE3,stage1,30,10.0,2,compressible,0.18,256,linear,apptainer,/home/dantsanc/SimulatorContinuum/stages/single_queue.sif,8,4,hash_calculate:BLAKE3,0.1202198043174576,0.125155,0.004935195682542387,4.105143666271737,0.1202198043174576,0.125155,0.004935195682542387,4.105143666271737,0.1202198043174576,0.125155,0.004935195682542387,4.105143666271737,0.1202198043174576,0.125155,0.004935195682542387,4.105143666271737
ok,/lustre/uc3m_a0/dynamic/dantedomizzi/pruebassimulador/service_time_accuracy3/20260522_210309_741438_proxy_dd_output_hash_blake3_30obj_10p0mb_2w_0p18ia_256bits_log_log_apptainer_compressible,,output,hash,BLAKE3,stage1,30,10.0,2,compressible,0.18,256,log-log,apptainer,/home/dantsanc/SimulatorContinuum/stages/single_queue.sif,8,4,hash_calculate:BLAKE3,0.11987366259563714,0.126357,0.0064833374043628544,5.408475276368855,0.11987366259563714,0.126357,0.0064833374043628544,5.408475276368855,0.11987366259563714,0.126357,0.0064833374043628544,5.408475276368855,0.11987366259563714,0.126357,0.0064833374043628544,5.408475276368855
ok,/lustre/uc3m_a0/dynamic/dantedomizzi/pruebassimulador/service_time_accuracy3/20260522_210310_913030_proxy_dd_output_hash_blake3_30obj_10p0mb_4w_0p18ia_256bits_linear_apptainer_compressible,,output,hash,BLAKE3,stage1,30,10.0,4,compressible,0.18,256,linear,apptainer,/home/dantsanc/SimulatorContinuum/stages/single_queue.sif,8,4,hash_calculate:BLAKE3,0.0722599949222058,0.076704,0.004444005077794189,6.150021298200405,0.0722599949222058,0.076704,0.004444005077794189,6.150021298200405,0.0722599949222058,0.076704,0.004444005077794189,6.150021298200405,0.0722599949222058,0.076704,0.004444005077794189,6.150021298200405
ok,/lustre/uc3m_a0/dynamic/dantedomizzi/pruebassimulador/service_time_accuracy3/20260522_210311_972055_proxy_dd_output_hash_blake3_30obj_10p0mb_4w_0p18ia_256bits_log_log_apptainer_compressible,,output,hash,BLAKE3,stage1,30,10.0,4,compressible,0.18,256,log-log,apptainer,/home/dantsanc/SimulatorContinuum/stages/single_queue.sif,8,4,hash_calculate:BLAKE3,0.07158641108253505,0.076631,0.005044588917464954,7.046852665443488,0.07158641108253505,0.076631,0.005044588917464954,7.046852665443488,0.07158641108253505,0.076631,0.005044588917464954,7.046852665443488,0.07158641108253505,0.076631,0.005044588917464954,7.046852665443488
ok,/lustre/uc3m_a0/dynamic/dantedomizzi/pruebassimulador/service_time_accuracy3/20260522_210312_997552_proxy_dd_output_hash_blake3_30obj_10p0mb_8w_0p18ia_256bits_linear_apptainer_compressible,,output,hash,BLAKE3,stage1,30,10.0,8,compressible,0.18,256,linear,apptainer,/home/dantsanc/SimulatorContinuum/stages/single_queue.sif,8,4,hash_calculate:BLAKE3,0.03796815718669677,0.050373,0.01240484281330323,32.67170105808986,0.03796815718669677,0.050373,0.01240484281330323,32.67170105808986,0.03796815718669677,0.050373,0.01240484281330323,32.67170105808986,0.03796815718669677,0.050373,0.01240484281330323,32.67170105808986
ok,/lustre/uc3m_a0/dynamic/dantedomizzi/pruebassimulador/service_time_accuracy3/20260522_210314_076503_proxy_dd_output_hash_blake3_30obj_10p0mb_8w_0p18ia_256bits_log_log_apptainer_compressible,,output,hash,BLAKE3,stage1,30,10.0,8,compressible,0.18,256,log-log,apptainer,/home/dantsanc/SimulatorContinuum/stages/single_queue.sif,8,4,hash_calculate:BLAKE3,0.03758563175506424,0.05031,0.012724368244935759,33.85434180768105,0.03758563175506424,0.05031,0.012724368244935759,33.85434180768105,0.03758563175506424,0.05031,0.012724368244935759,33.85434180768105,0.03758563175506424,0.05031,0.012724368244935759,33.85434180768105
ok,/lustre/uc3m_a0/dynamic/dantedomizzi/pruebassimulador/service_time_accuracy3/20260522_210315_165807_proxy_dd_output_hash_blake3_30obj_100p0mb_1w_0p18ia_256bits_linear_apptainer_compressible,,output,hash,BLAKE3,stage1,30,100.0,1,compressible,0.18,256,linear,apptainer,/home/dantsanc/SimulatorContinuum/stages/single_queue.sif,8,4,hash_calculate:BLAKE3,7.856531989411451,8.972857,1.1163250105885485,14.208877556828666,7.856531989411451,8.972857,1.1163250105885485,14.208877556828666,7.856531989411451,8.972857,1.1163250105885485,14.208877556828666,7.856531989411451,8.972857,1.1163250105885485,14.208877556828666
ok,/lustre/uc3m_a0/dynamic/dantedomizzi/pruebassimulador/service_time_accuracy3/20260522_210342_348958_proxy_dd_output_hash_blake3_30obj_100p0mb_1w_0p18ia_256bits_log_log_apptainer_compressible,,output,hash,BLAKE3,stage1,30,100.0,1,compressible,0.18,256,log-log,apptainer,/home/dantsanc/SimulatorContinuum/stages/single_queue.sif,8,4,hash_calculate:BLAKE3,7.723387642123271,8.800066,1.0766783578767285,13.940493573112098,7.723387642123271,8.800066,1.0766783578767285,13.940493573112098,7.723387642123271,8.800066,1.0766783578767285,13.940493573112098,7.723387642123271,8.800066,1.0766783578767285,13.940493573112098
ok,/lustre/uc3m_a0/dynamic/dantedomizzi/pruebassimulador/service_time_accuracy3/20260522_210400_141360_proxy_dd_output_hash_blake3_30obj_100p0mb_2w_0p18ia_256bits_linear_apptainer_compressible,,output,hash,BLAKE3,stage1,30,100.0,2,compressible,0.18,256,linear,apptainer,/home/dantsanc/SimulatorContinuum/stages/single_queue.sif,8,4,hash_calculate:BLAKE3,2.55956163094379,2.842854,0.2832923690562099,11.068003428061672,2.55956163094379,2.842854,0.2832923690562099,11.068003428061672,2.55956163094379,2.842854,0.2832923690562099,11.068003428061672,2.55956163094379,2.842854,0.2832923690562099,11.068003428061672
ok,/lustre/uc3m_a0/dynamic/dantedomizzi/pruebassimulador/service_time_accuracy3/20260522_210412_088400_proxy_dd_output_hash_blake3_30obj_100p0mb_2w_0p18ia_256bits_log_log_apptainer_compressible,,output,hash,BLAKE3,stage1,30,100.0,2,compressible,0.18,256,log-log,apptainer,/home/dantsanc/SimulatorContinuum/stages/single_queue.sif,8,4,hash_calculate:BLAKE3,2.431484763743356,2.69819,0.266705236256644,10.968822023216875,2.431484763743356,2.69819,0.266705236256644,10.968822023216875,2.431484763743356,2.69819,0.266705236256644,10.968822023216875,2.431484763743356,2.69819,0.266705236256644,10.968822023216875
ok,/lustre/uc3m_a0/dynamic/dantedomizzi/pruebassimulador/service_time_accuracy3/20260522_210423_710266_proxy_dd_output_hash_blake3_30obj_100p0mb_4w_0p18ia_256bits_linear_apptainer_compressible,,output,hash,BLAKE3,stage1,30,100.0,4,compressible,0.18,256,linear,apptainer,/home/dantsanc/SimulatorContinuum/stages/single_queue.sif,8,4,hash_calculate:BLAKE3,1.3035766407410847,1.52563,0.22205335925891534,17.034162190316465,1.3035766407410847,1.52563,0.22205335925891534,17.034162190316465,1.3035766407410847,1.52563,0.22205335925891534,17.034162190316465,1.3035766407410847,1.52563,0.22205335925891534,17.034162190316465
ok,/lustre/uc3m_a0/dynamic/dantedomizzi/pruebassimulador/service_time_accuracy3/20260522_210434_073441_proxy_dd_output_hash_blake3_30obj_100p0mb_4w_0p18ia_256bits_log_log_apptainer_compressible,,output,hash,BLAKE3,stage1,30,100.0,4,compressible,0.18,256,log-log,apptainer,/home/dantsanc/SimulatorContinuum/stages/single_queue.sif,8,4,hash_calculate:BLAKE3,1.19610513925727,1.397161,0.20105586074273019,16.80921301513488,1.19610513925727,1.397161,0.20105586074273019,16.80921301513488,1.19610513925727,1.397161,0.20105586074273019,16.80921301513488,1.19610513925727,1.397161,0.20105586074273019,16.80921301513488
ok,/lustre/uc3m_a0/dynamic/dantedomizzi/pruebassimulador/service_time_accuracy3/20260522_210444_375025_proxy_dd_output_hash_blake3_30obj_100p0mb_8w_0p18ia_256bits_linear_apptainer_compressible,,output,hash,BLAKE3,stage1,30,100.0,8,compressible,0.18,256,linear,apptainer,/home/dantsanc/SimulatorContinuum/stages/single_queue.sif,8,4,hash_calculate:BLAKE3,0.6042385720065795,0.708602,0.10436342799342047,17.27189107554757,0.6042385720065795,0.708602,0.10436342799342047,17.27189107554757,0.6042385720065795,0.708602,0.10436342799342047,17.27189107554757,0.6042385720065795,0.708602,0.10436342799342047,17.27189107554757
ok,/lustre/uc3m_a0/dynamic/dantedomizzi/pruebassimulador/service_time_accuracy3/20260522_210454_683006_proxy_dd_output_hash_blake3_30obj_100p0mb_8w_0p18ia_256bits_log_log_apptainer_compressible,,output,hash,BLAKE3,stage1,30,100.0,8,compressible,0.18,256,log-log,apptainer,/home/dantsanc/SimulatorContinuum/stages/single_queue.sif,8,4,hash_calculate:BLAKE3,0.5975979551731143,0.872048,0.27445004482688573,45.92553278522883,0.5975979551731143,0.872048,0.27445004482688573,45.92553278522883,0.5975979551731143,0.872048,0.27445004482688573,45.92553278522883,0.5975979551731143,0.872048,0.27445004482688573,45.92553278522883
ok,/lustre/uc3m_a0/dynamic/dantedomizzi/pruebassimulador/service_time_accuracy3/20260522_210504_939127_proxy_dd_output_hash_hmac_sha256_30obj_1p0mb_1w_0p18ia_256bits_linear_apptainer_compressible,,output,hash,HMAC_SHA256,stage1,30,1.0,1,compressible,0.18,256,linear,apptainer,/home/dantsanc/SimulatorContinuum/stages/single_queue.sif,8,4,hash_calculate:HMAC_SHA256,0.03682894929079339,0.036104,-0.0007249492907933919,1.968422408875555,0.03682894929079339,0.036104,-0.0007249492907933919,1.968422408875555,0.03682894929079339,0.036104,-0.0007249492907933919,1.968422408875555,0.03682894929079339,0.036104,-0.0007249492907933919,1.968422408875555
ok,/lustre/uc3m_a0/dynamic/dantedomizzi/pruebassimulador/service_time_accuracy3/20260522_210505_381821_proxy_dd_output_hash_hmac_sha256_30obj_1p0mb_1w_0p18ia_256bits_log_log_apptainer_compressible,,output,hash,HMAC_SHA256,stage1,30,1.0,1,compressible,0.18,256,log-log,apptainer,/home/dantsanc/SimulatorContinuum/stages/single_queue.sif,8,4,hash_calculate:HMAC_SHA256,0.03687550825998187,0.036214,-0.0006615082599818675,1.7938959791904785,0.03687550825998187,0.036214,-0.0006615082599818675,1.7938959791904785,0.03687550825998187,0.036214,-0.0006615082599818675,1.7938959791904785,0.03687550825998187,0.036214,-0.0006615082599818675,1.7938959791904785
ok,/lustre/uc3m_a0/dynamic/dantedomizzi/pruebassimulador/service_time_accuracy3/20260522_210505_833871_proxy_dd_output_hash_hmac_sha256_30obj_1p0mb_2w_0p18ia_256bits_linear_apptainer_compressible,,output,hash,HMAC_SHA256,stage1,30,1.0,2,compressible,0.18,256,linear,apptainer,/home/dantsanc/SimulatorContinuum/stages/single_queue.sif,8,4,hash_calculate:HMAC_SHA256,0.018936482374556363,0.018472,-0.0004644823745563638,2.452844014897173,0.018936482374556363,0.018472,-0.0004644823745563638,2.452844014897173,0.018936482374556363,0.018472,-0.0004644823745563638,2.452844014897173,0.018936482374556363,0.018472,-0.0004644823745563638,2.452844014897173
ok,/lustre/uc3m_a0/dynamic/dantedomizzi/pruebassimulador/service_time_accuracy3/20260522_210506_237510_proxy_dd_output_hash_hmac_sha256_30obj_1p0mb_2w_0p18ia_256bits_log_log_apptainer_compressible,,output,hash,HMAC_SHA256,stage1,30,1.0,2,compressible,0.18,256,log-log,apptainer,/home/dantsanc/SimulatorContinuum/stages/single_queue.sif,8,4,hash_calculate:HMAC_SHA256,0.018797390395775437,0.018343,-0.0004543903957754357,2.4173057334466823,0.018797390395775437,0.018343,-0.0004543903957754357,2.4173057334466823,0.018797390395775437,0.018343,-0.0004543903957754357,2.4173057334466823,0.018797390395775437,0.018343,-0.0004543903957754357,2.4173057334466823
ok,/lustre/uc3m_a0/dynamic/dantedomizzi/pruebassimulador/service_time_accuracy3/20260522_210506_666818_proxy_dd_output_hash_hmac_sha256_30obj_1p0mb_4w_0p18ia_256bits_linear_apptainer_compressible,,output,hash,HMAC_SHA256,stage1,30,1.0,4,compressible,0.18,256,linear,apptainer,/home/dantsanc/SimulatorContinuum/stages/single_queue.sif,8,4,hash_calculate:HMAC_SHA256,0.009985403987229802,0.010429,0.00044359601277019906,4.442444325112013,0.009985403987229802,0.010429,0.00044359601277019906,4.442444325112013,0.009985403987229802,0.010429,0.00044359601277019906,4.442444325112013,0.009985403987229802,0.010429,0.00044359601277019906,4.442444325112013
ok,/lustre/uc3m_a0/dynamic/dantedomizzi/pruebassimulador/service_time_accuracy3/20260522_210507_047608_proxy_dd_output_hash_hmac_sha256_30obj_1p0mb_4w_0p18ia_256bits_log_log_apptainer_compressible,,output,hash,HMAC_SHA256,stage1,30,1.0,4,compressible,0.18,256,log-log,apptainer,/home/dantsanc/SimulatorContinuum/stages/single_queue.sif,8,4,hash_calculate:HMAC_SHA256,0.00994223853922449,0.010389,0.00044676146077551014,4.493570125208022,0.00994223853922449,0.010389,0.00044676146077551014,4.493570125208022,0.00994223853922449,0.010389,0.00044676146077551014,4.493570125208022,0.00994223853922449,0.010389,0.00044676146077551014,4.493570125208022
ok,/lustre/uc3m_a0/dynamic/dantedomizzi/pruebassimulador/service_time_accuracy3/20260522_210507_422403_proxy_dd_output_hash_hmac_sha256_30obj_1p0mb_8w_0p18ia_256bits_linear_apptainer_compressible,,output,hash,HMAC_SHA256,stage1,30,1.0,8,compressible,0.18,256,linear,apptainer,/home/dantsanc/SimulatorContinuum/stages/single_queue.sif,8,4,hash_calculate:HMAC_SHA256,0.005122565737110563,0.006616,0.0014934342628894377,29.15402826498084,0.005122565737110563,0.006616,0.0014934342628894377,29.15402826498084,0.005122565737110563,0.006616,0.0014934342628894377,29.15402826498084,0.005122565737110563,0.006616,0.0014934342628894377,29.15402826498084
ok,/lustre/uc3m_a0/dynamic/dantedomizzi/pruebassimulador/service_time_accuracy3/20260522_210507_814390_proxy_dd_output_hash_hmac_sha256_30obj_1p0mb_8w_0p18ia_256bits_log_log_apptainer_compressible,,output,hash,HMAC_SHA256,stage1,30,1.0,8,compressible,0.18,256,log-log,apptainer,/home/dantsanc/SimulatorContinuum/stages/single_queue.sif,8,4,hash_calculate:HMAC_SHA256,0.005108887278765906,0.005288,0.00017911272123409452,3.505904739345916,0.005108887278765906,0.005288,0.00017911272123409452,3.505904739345916,0.005108887278765906,0.005288,0.00017911272123409452,3.505904739345916,0.005108887278765906,0.005288,0.00017911272123409452,3.505904739345916
ok,/lustre/uc3m_a0/dynamic/dantedomizzi/pruebassimulador/service_time_accuracy3/20260522_210508_246738_proxy_dd_output_hash_hmac_sha256_30obj_10p0mb_1w_0p18ia_256bits_linear_apptainer_compressible,,output,hash,HMAC_SHA256,stage1,30,10.0,1,compressible,0.18,256,linear,apptainer,/home/dantsanc/SimulatorContinuum/stages/single_queue.sif,8,4,hash_calculate:HMAC_SHA256,0.3616838392917998,0.357535,-0.004148839291799822,1.1470900386159126,0.3616838392917998,0.357535,-0.004148839291799822,1.1470900386159126,0.3616838392917998,0.357535,-0.004148839291799822,1.1470900386159126,0.3616838392917998,0.357535,-0.004148839291799822,1.1470900386159126
ok,/lustre/uc3m_a0/dynamic/dantedomizzi/pruebassimulador/service_time_accuracy3/20260522_210509_868608_proxy_dd_output_hash_hmac_sha256_30obj_10p0mb_1w_0p18ia_256bits_log_log_apptainer_compressible,,output,hash,HMAC_SHA256,stage1,30,10.0,1,compressible,0.18,256,log-log,apptainer,/home/dantsanc/SimulatorContinuum/stages/single_queue.sif,8,4,hash_calculate:HMAC_SHA256,0.3578305671107955,0.353072,-0.004758567110795531,1.3298380709108426,0.3578305671107955,0.353072,-0.004758567110795531,1.3298380709108426,0.3578305671107955,0.353072,-0.004758567110795531,1.3298380709108426,0.3578305671107955,0.353072,-0.004758567110795531,1.3298380709108426
ok,/lustre/uc3m_a0/dynamic/dantedomizzi/pruebassimulador/service_time_accuracy3/20260522_210511_496615_proxy_dd_output_hash_hmac_sha256_30obj_10p0mb_2w_0p18ia_256bits_linear_apptainer_compressible,,output,hash,HMAC_SHA256,stage1,30,10.0,2,compressible,0.18,256,linear,apptainer,/home/dantsanc/SimulatorContinuum/stages/single_queue.sif,8,4,hash_calculate:HMAC_SHA256,0.18687046051491052,0.185155,-0.0017154605149105329,0.9179944814090374,0.18687046051491052,0.185155,-0.0017154605149105329,0.9179944814090374,0.18687046051491052,0.185155,-0.0017154605149105329,0.9179944814090374,0.18687046051491052,0.185155,-0.0017154605149105329,0.9179944814090374
ok,/lustre/uc3m_a0/dynamic/dantedomizzi/pruebassimulador/service_time_accuracy3/20260522_210512_693986_proxy_dd_output_hash_hmac_sha256_30obj_10p0mb_2w_0p18ia_256bits_log_log_apptainer_compressible,,output,hash,HMAC_SHA256,stage1,30,10.0,2,compressible,0.18,256,log-log,apptainer,/home/dantsanc/SimulatorContinuum/stages/single_queue.sif,8,4,hash_calculate:HMAC_SHA256,0.1793947505648248,0.177007,-0.002387750564824792,1.3310035869538848,0.1793947505648248,0.177007,-0.002387750564824792,1.3310035869538848,0.1793947505648248,0.177007,-0.002387750564824792,1.3310035869538848,0.1793947505648248,0.177007,-0.002387750564824792,1.3310035869538848
ok,/lustre/uc3m_a0/dynamic/dantedomizzi/pruebassimulador/service_time_accuracy3/20260522_210513_926658_proxy_dd_output_hash_hmac_sha256_30obj_10p0mb_4w_0p18ia_256bits_linear_apptainer_compressible,,output,hash,HMAC_SHA256,stage1,30,10.0,4,compressible,0.18,256,linear,apptainer,/home/dantsanc/SimulatorContinuum/stages/single_queue.sif,8,4,hash_calculate:HMAC_SHA256,0.10104555946600158,0.10822,0.007174440533998419,7.100203682292813,0.10104555946600158,0.10822,0.007174440533998419,7.100203682292813,0.10104555946600158,0.10822,0.007174440533998419,7.100203682292813,0.10104555946600158,0.10822,0.007174440533998419,7.100203682292813
ok,/lustre/uc3m_a0/dynamic/dantedomizzi/pruebassimulador/service_time_accuracy3/20260522_210515_067470_proxy_dd_output_hash_hmac_sha256_30obj_10p0mb_4w_0p18ia_256bits_log_log_apptainer_compressible,,output,hash,HMAC_SHA256,stage1,30,10.0,4,compressible,0.18,256,log-log,apptainer,/home/dantsanc/SimulatorContinuum/stages/single_queue.sif,8,4,hash_calculate:HMAC_SHA256,0.09735398400516715,0.103634,0.006280015994832855,6.450702617881091,0.09735398400516715,0.103634,0.006280015994832855,6.450702617881091,0.09735398400516715,0.103634,0.006280015994832855,6.450702617881091,0.09735398400516715,0.103634,0.006280015994832855,6.450702617881091
ok,/lustre/uc3m_a0/dynamic/dantedomizzi/pruebassimulador/service_time_accuracy3/20260522_210516_147039_proxy_dd_output_hash_hmac_sha256_30obj_10p0mb_8w_0p18ia_256bits_linear_apptainer_compressible,,output,hash,HMAC_SHA256,stage1,30,10.0,8,compressible,0.18,256,linear,apptainer,/home/dantsanc/SimulatorContinuum/stages/single_queue.sif,8,4,hash_calculate:HMAC_SHA256,0.050580789138621185,0.067596,0.01701521086137882,33.63967061634232,0.050580789138621185,0.067596,0.01701521086137882,33.63967061634232,0.050580789138621185,0.067596,0.01701521086137882,33.63967061634232,0.050580789138621185,0.067596,0.01701521086137882,33.63967061634232
ok,/lustre/uc3m_a0/dynamic/dantedomizzi/pruebassimulador/service_time_accuracy3/20260522_210517_267130_proxy_dd_output_hash_hmac_sha256_30obj_10p0mb_8w_0p18ia_256bits_log_log_apptainer_compressible,,output,hash,HMAC_SHA256,stage1,30,10.0,8,compressible,0.18,256,log-log,apptainer,/home/dantsanc/SimulatorContinuum/stages/single_queue.sif,8,4,hash_calculate:HMAC_SHA256,0.05071866176876938,0.067767,0.017048338231230614,33.61354112408449,0.05071866176876938,0.067767,0.017048338231230614,33.61354112408449,0.05071866176876938,0.067767,0.017048338231230614,33.61354112408449,0.05071866176876938,0.067767,0.017048338231230614,33.61354112408449
ok,/lustre/uc3m_a0/dynamic/dantedomizzi/pruebassimulador/service_time_accuracy3/20260522_210518_346433_proxy_dd_output_hash_hmac_sha256_30obj_100p0mb_1w_0p18ia_256bits_linear_apptainer_compressible,,output,hash,HMAC_SHA256,stage1,30,100.0,1,compressible,0.18,256,linear,apptainer,/home/dantsanc/SimulatorContinuum/stages/single_queue.sif,8,4,hash_calculate:HMAC_SHA256,8.978695763857104,9.884811,0.9061152361428952,10.091835829769142,8.978695763857104,9.884811,0.9061152361428952,10.091835829769142,8.978695763857104,9.884811,0.9061152361428952,10.091835829769142,8.978695763857104,9.884811,0.9061152361428952,10.091835829769142
ok,/lustre/uc3m_a0/dynamic/dantedomizzi/pruebassimulador/service_time_accuracy3/20260522_210541_633301_proxy_dd_output_hash_hmac_sha256_30obj_100p0mb_1w_0p18ia_256bits_log_log_apptainer_compressible,,output,hash,HMAC_SHA256,stage1,30,100.0,1,compressible,0.18,256,log-log,apptainer,/home/dantsanc/SimulatorContinuum/stages/single_queue.sif,8,4,hash_calculate:HMAC_SHA256,8.948308303311933,9.846821,0.8985126966880674,10.041145948843887,8.948308303311933,9.846821,0.8985126966880674,10.041145948843887,8.948308303311933,9.846821,0.8985126966880674,10.041145948843887,8.948308303311933,9.846821,0.8985126966880674,10.041145948843887
ok,/lustre/uc3m_a0/dynamic/dantedomizzi/pruebassimulador/service_time_accuracy3/20260522_210600_941552_proxy_dd_output_hash_hmac_sha256_30obj_100p0mb_2w_0p18ia_256bits_linear_apptainer_compressible,,output,hash,HMAC_SHA256,stage1,30,100.0,2,compressible,0.18,256,linear,apptainer,/home/dantsanc/SimulatorContinuum/stages/single_queue.sif,8,4,hash_calculate:HMAC_SHA256,3.3745083250687458,3.628468,0.25395967493125404,7.525827482617942,3.3745083250687458,3.628468,0.25395967493125404,7.525827482617942,3.3745083250687458,3.628468,0.25395967493125404,7.525827482617942,3.3745083250687458,3.628468,0.25395967493125404,7.525827482617942
ok,/lustre/uc3m_a0/dynamic/dantedomizzi/pruebassimulador/service_time_accuracy3/20260522_210613_448367_proxy_dd_output_hash_hmac_sha256_30obj_100p0mb_2w_0p18ia_256bits_log_log_apptainer_compressible,,output,hash,HMAC_SHA256,stage1,30,100.0,2,compressible,0.18,256,log-log,apptainer,/home/dantsanc/SimulatorContinuum/stages/single_queue.sif,8,4,hash_calculate:HMAC_SHA256,3.2345525990240276,3.464026,0.22947340097597246,7.094440234028417,3.2345525990240276,3.464026,0.22947340097597246,7.094440234028417,3.2345525990240276,3.464026,0.22947340097597246,7.094440234028417,3.2345525990240276,3.464026,0.22947340097597246,7.094440234028417
ok,/lustre/uc3m_a0/dynamic/dantedomizzi/pruebassimulador/service_time_accuracy3/20260522_210625_715646_proxy_dd_output_hash_hmac_sha256_30obj_100p0mb_4w_0p18ia_256bits_linear_apptainer_compressible,,output,hash,HMAC_SHA256,stage1,30,100.0,4,compressible,0.18,256,linear,apptainer,/home/dantsanc/SimulatorContinuum/stages/single_queue.sif,8,4,hash_calculate:HMAC_SHA256,1.51427469754708,1.717453,0.2031783024529199,13.417532682943275,1.51427469754708,1.717453,0.2031783024529199,13.417532682943275,1.51427469754708,1.717453,0.2031783024529199,13.417532682943275,1.51427469754708,1.717453,0.2031783024529199,13.417532682943275
ok,/lustre/uc3m_a0/dynamic/dantedomizzi/pruebassimulador/service_time_accuracy3/20260522_210636_120805_proxy_dd_output_hash_hmac_sha256_30obj_100p0mb_4w_0p18ia_256bits_log_log_apptainer_compressible,,output,hash,HMAC_SHA256,stage1,30,100.0,4,compressible,0.18,256,log-log,apptainer,/home/dantsanc/SimulatorContinuum/stages/single_queue.sif,8,4,hash_calculate:HMAC_SHA256,1.47842521397979,1.67313,0.19470478602021002,13.16974197809316,1.47842521397979,1.67313,0.19470478602021002,13.16974197809316,1.47842521397979,1.67313,0.19470478602021002,13.16974197809316,1.47842521397979,1.67313,0.19470478602021002,13.16974197809316
ok,/lustre/uc3m_a0/dynamic/dantedomizzi/pruebassimulador/service_time_accuracy3/20260522_210646_567362_proxy_dd_output_hash_hmac_sha256_30obj_100p0mb_8w_0p18ia_256bits_linear_apptainer_compressible,,output,hash,HMAC_SHA256,stage1,30,100.0,8,compressible,0.18,256,linear,apptainer,/home/dantsanc/SimulatorContinuum/stages/single_queue.sif,8,4,hash_calculate:HMAC_SHA256,0.7461308866550098,0.845115,0.09898411334499013,13.266320308591867,0.7461308866550098,0.845115,0.09898411334499013,13.266320308591867,0.7461308866550098,0.845115,0.09898411334499013,13.266320308591867,0.7461308866550098,0.845115,0.09898411334499013,13.266320308591867
ok,/lustre/uc3m_a0/dynamic/dantedomizzi/pruebassimulador/service_time_accuracy3/20260522_210656_895772_proxy_dd_output_hash_hmac_sha256_30obj_100p0mb_8w_0p18ia_256bits_log_log_apptainer_compressible,,output,hash,HMAC_SHA256,stage1,30,100.0,8,compressible,0.18,256,log-log,apptainer,/home/dantsanc/SimulatorContinuum/stages/single_queue.sif,8,4,hash_calculate:HMAC_SHA256,0.7287729593517724,1.029214,0.30044104064822763,41.225602129291865,0.7287729593517724,1.029214,0.30044104064822763,41.225602129291865,0.7287729593517724,1.029214,0.30044104064822763,41.225602129291865,0.7287729593517724,1.029214,0.30044104064822763,41.225602129291865
ok,/lustre/uc3m_a0/dynamic/dantedomizzi/pruebassimulador/service_time_accuracy3/20260522_210707_204140_proxy_dd_output_hash_sha256_30obj_1p0mb_1w_0p18ia_256bits_linear_apptainer_compressible,,output,hash,SHA256,stage1,30,1.0,1,compressible,0.18,256,linear,apptainer,/home/dantsanc/SimulatorContinuum/stages/single_queue.sif,8,4,hash_calculate:SHA256,0.036196303903125226,0.03556,-0.0006363039031252252,1.7579250766271912,0.036196303903125226,0.03556,-0.0006363039031252252,1.7579250766271912,0.036196303903125226,0.03556,-0.0006363039031252252,1.7579250766271912,0.036196303903125226,0.03556,-0.0006363039031252252,1.7579250766271912
ok,/lustre/uc3m_a0/dynamic/dantedomizzi/pruebassimulador/service_time_accuracy3/20260522_210707_823761_proxy_dd_output_hash_sha256_30obj_1p0mb_1w_0p18ia_256bits_log_log_apptainer_compressible,,output,hash,SHA256,stage1,30,1.0,1,compressible,0.18,256,log-log,apptainer,/home/dantsanc/SimulatorContinuum/stages/single_queue.sif,8,4,hash_calculate:SHA256,0.0363219499704428,0.03575,-0.0005719499704428047,1.5746675795441387,0.0363219499704428,0.03575,-0.0005719499704428047,1.5746675795441387,0.0363219499704428,0.03575,-0.0005719499704428047,1.5746675795441387,0.0363219499704428,0.03575,-0.0005719499704428047,1.5746675795441387
ok,/lustre/uc3m_a0/dynamic/dantedomizzi/pruebassimulador/service_time_accuracy3/20260522_210708_443802_proxy_dd_output_hash_sha256_30obj_1p0mb_2w_0p18ia_256bits_linear_apptainer_compressible,,output,hash,SHA256,stage1,30,1.0,2,compressible,0.18,256,linear,apptainer,/home/dantsanc/SimulatorContinuum/stages/single_queue.sif,8,4,hash_calculate:SHA256,0.01847971888491884,0.01811,-0.00036971888491883764,2.000673750619456,0.01847971888491884,0.01811,-0.00036971888491883764,2.000673750619456,0.01847971888491884,0.01811,-0.00036971888491883764,2.000673750619456,0.01847971888491884,0.01811,-0.00036971888491883764,2.000673750619456
ok,/lustre/uc3m_a0/dynamic/dantedomizzi/pruebassimulador/service_time_accuracy3/20260522_210708_973858_proxy_dd_output_hash_sha256_30obj_1p0mb_2w_0p18ia_256bits_log_log_apptainer_compressible,,output,hash,SHA256,stage1,30,1.0,2,compressible,0.18,256,log-log,apptainer,/home/dantsanc/SimulatorContinuum/stages/single_queue.sif,8,4,hash_calculate:SHA256,0.01867861094069667,0.018358,-0.0003206109406966723,1.7164602962960702,0.01867861094069667,0.018358,-0.0003206109406966723,1.7164602962960702,0.01867861094069667,0.018358,-0.0003206109406966723,1.7164602962960702,0.01867861094069667,0.018358,-0.0003206109406966723,1.7164602962960702
ok,/lustre/uc3m_a0/dynamic/dantedomizzi/pruebassimulador/service_time_accuracy3/20260522_210709_531297_proxy_dd_output_hash_sha256_30obj_1p0mb_4w_0p18ia_256bits_linear_apptainer_compressible,,output,hash,SHA256,stage1,30,1.0,4,compressible,0.18,256,linear,apptainer,/home/dantsanc/SimulatorContinuum/stages/single_queue.sif,8,4,hash_calculate:SHA256,0.00962667228304781,0.010105,0.0004783277169521892,4.9687753243091635,0.00962667228304781,0.010105,0.0004783277169521892,4.9687753243091635,0.00962667228304781,0.010105,0.0004783277169521892,4.9687753243091635,0.00962667228304781,0.010105,0.0004783277169521892,4.9687753243091635
ok,/lustre/uc3m_a0/dynamic/dantedomizzi/pruebassimulador/service_time_accuracy3/20260522_210710_111419_proxy_dd_output_hash_sha256_30obj_1p0mb_4w_0p18ia_256bits_log_log_apptainer_compressible,,output,hash,SHA256,stage1,30,1.0,4,compressible,0.18,256,log-log,apptainer,/home/dantsanc/SimulatorContinuum/stages/single_queue.sif,8,4,hash_calculate:SHA256,0.009751360063091852,0.010258,0.000506639936908148,5.195582294471325,0.009751360063091852,0.010258,0.000506639936908148,5.195582294471325,0.009751360063091852,0.010258,0.000506639936908148,5.195582294471325,0.009751360063091852,0.010258,0.000506639936908148,5.195582294471325
ok,/lustre/uc3m_a0/dynamic/dantedomizzi/pruebassimulador/service_time_accuracy3/20260522_210710_556480_proxy_dd_output_hash_sha256_30obj_1p0mb_8w_0p18ia_256bits_linear_apptainer_compressible,,output,hash,SHA256,stage1,30,1.0,8,compressible,0.18,256,linear,apptainer,/home/dantsanc/SimulatorContinuum/stages/single_queue.sif,8,4,hash_calculate:SHA256,0.004977161101123784,0.006501,0.001523838898876216,30.61662799165073,0.004977161101123784,0.006501,0.001523838898876216,30.61662799165073,0.004977161101123784,0.006501,0.001523838898876216,30.61662799165073,0.004977161101123784,0.006501,0.001523838898876216,30.61662799165073
ok,/lustre/uc3m_a0/dynamic/dantedomizzi/pruebassimulador/service_time_accuracy3/20260522_210711_170555_proxy_dd_output_hash_sha256_30obj_1p0mb_8w_0p18ia_256bits_log_log_apptainer_compressible,,output,hash,SHA256,stage1,30,1.0,8,compressible,0.18,256,log-log,apptainer,/home/dantsanc/SimulatorContinuum/stages/single_queue.sif,8,4,hash_calculate:SHA256,0.005042815377237275,0.006604,0.0015611846227627244,30.958591698790787,0.005042815377237275,0.006604,0.0015611846227627244,30.958591698790787,0.005042815377237275,0.006604,0.0015611846227627244,30.958591698790787,0.005042815377237275,0.006604,0.0015611846227627244,30.958591698790787
ok,/lustre/uc3m_a0/dynamic/dantedomizzi/pruebassimulador/service_time_accuracy3/20260522_210711_694212_proxy_dd_output_hash_sha256_30obj_10p0mb_1w_0p18ia_256bits_linear_apptainer_compressible,,output,hash,SHA256,stage1,30,10.0,1,compressible,0.18,256,linear,apptainer,/home/dantsanc/SimulatorContinuum/stages/single_queue.sif,8,4,hash_calculate:SHA256,0.35305851220618933,0.348338,-0.004720512206189353,1.3370339598079233,0.35305851220618933,0.348338,-0.004720512206189353,1.3370339598079233,0.35305851220618933,0.348338,-0.004720512206189353,1.3370339598079233,0.35305851220618933,0.348338,-0.004720512206189353,1.3370339598079233
ok,/lustre/uc3m_a0/dynamic/dantedomizzi/pruebassimulador/service_time_accuracy3/20260522_210713_417145_proxy_dd_output_hash_sha256_30obj_10p0mb_1w_0p18ia_256bits_log_log_apptainer_compressible,,output,hash,SHA256,stage1,30,10.0,1,compressible,0.18,256,log-log,apptainer,/home/dantsanc/SimulatorContinuum/stages/single_queue.sif,8,4,hash_calculate:SHA256,0.3512628448661417,0.345615,-0.005647844866141671,1.607868565858122,0.3512628448661417,0.345615,-0.005647844866141671,1.607868565858122,0.3512628448661417,0.345615,-0.005647844866141671,1.607868565858122,0.3512628448661417,0.345615,-0.005647844866141671,1.607868565858122
ok,/lustre/uc3m_a0/dynamic/dantedomizzi/pruebassimulador/service_time_accuracy3/20260522_210715_306191_proxy_dd_output_hash_sha256_30obj_10p0mb_2w_0p18ia_256bits_linear_apptainer_compressible,,output,hash,SHA256,stage1,30,10.0,2,compressible,0.18,256,linear,apptainer,/home/dantsanc/SimulatorContinuum/stages/single_queue.sif,8,4,hash_calculate:SHA256,0.18044157532858662,0.178704,-0.0017375753285866213,0.9629573037269668,0.18044157532858662,0.178704,-0.0017375753285866213,0.9629573037269668,0.18044157532858662,0.178704,-0.0017375753285866213,0.9629573037269668,0.18044157532858662,0.178704,-0.0017375753285866213,0.9629573037269668
ok,/lustre/uc3m_a0/dynamic/dantedomizzi/pruebassimulador/service_time_accuracy3/20260522_210716_603229_proxy_dd_output_hash_sha256_30obj_10p0mb_2w_0p18ia_256bits_log_log_apptainer_compressible,,output,hash,SHA256,stage1,30,10.0,2,compressible,0.18,256,log-log,apptainer,/home/dantsanc/SimulatorContinuum/stages/single_queue.sif,8,4,hash_calculate:SHA256,0.17898411629721522,0.176718,-0.002266116297215237,1.2660991064995946,0.17898411629721522,0.176718,-0.002266116297215237,1.2660991064995946,0.17898411629721522,0.176718,-0.002266116297215237,1.2660991064995946,0.17898411629721522,0.176718,-0.002266116297215237,1.2660991064995946
ok,/lustre/uc3m_a0/dynamic/dantedomizzi/pruebassimulador/service_time_accuracy3/20260522_210717_896982_proxy_dd_output_hash_sha256_30obj_10p0mb_4w_0p18ia_256bits_linear_apptainer_compressible,,output,hash,SHA256,stage1,30,10.0,4,compressible,0.18,256,linear,apptainer,/home/dantsanc/SimulatorContinuum/stages/single_queue.sif,8,4,hash_calculate:SHA256,0.09894518151122611,0.105873,0.006927818488773885,7.001673434686529,0.09894518151122611,0.105873,0.006927818488773885,7.001673434686529,0.09894518151122611,0.105873,0.006927818488773885,7.001673434686529,0.09894518151122611,0.105873,0.006927818488773885,7.001673434686529
ok,/lustre/uc3m_a0/dynamic/dantedomizzi/pruebassimulador/service_time_accuracy3/20260522_210719_046451_proxy_dd_output_hash_sha256_30obj_10p0mb_4w_0p18ia_256bits_log_log_apptainer_compressible,,output,hash,SHA256,stage1,30,10.0,4,compressible,0.18,256,log-log,apptainer,/home/dantsanc/SimulatorContinuum/stages/single_queue.sif,8,4,hash_calculate:SHA256,0.09796929848380387,0.104571,0.006601701516196129,6.738541173985759,0.09796929848380387,0.104571,0.006601701516196129,6.738541173985759,0.09796929848380387,0.104571,0.006601701516196129,6.738541173985759,0.09796929848380387,0.104571,0.006601701516196129,6.738541173985759
ok,/lustre/uc3m_a0/dynamic/dantedomizzi/pruebassimulador/service_time_accuracy3/20260522_210720_168336_proxy_dd_output_hash_sha256_30obj_10p0mb_8w_0p18ia_256bits_linear_apptainer_compressible,,output,hash,SHA256,stage1,30,10.0,8,compressible,0.18,256,linear,apptainer,/home/dantsanc/SimulatorContinuum/stages/single_queue.sif,8,4,hash_calculate:SHA256,0.05002938930556411,0.066945,0.016915610694435895,33.81134754837912,0.05002938930556411,0.066945,0.016915610694435895,33.81134754837912,0.05002938930556411,0.066945,0.016915610694435895,33.81134754837912,0.05002938930556411,0.066945,0.016915610694435895,33.81134754837912
ok,/lustre/uc3m_a0/dynamic/dantedomizzi/pruebassimulador/service_time_accuracy3/20260522_210721_365555_proxy_dd_output_hash_sha256_30obj_10p0mb_8w_0p18ia_256bits_log_log_apptainer_compressible,,output,hash,SHA256,stage1,30,10.0,8,compressible,0.18,256,log-log,apptainer,/home/dantsanc/SimulatorContinuum/stages/single_queue.sif,8,4,hash_calculate:SHA256,0.0497173032417777,0.053055,0.0033376967582222986,6.713350364139653,0.0497173032417777,0.053055,0.0033376967582222986,6.713350364139653,0.0497173032417777,0.053055,0.0033376967582222986,6.713350364139653,0.0497173032417777,0.053055,0.0033376967582222986,6.713350364139653
ok,/lustre/uc3m_a0/dynamic/dantedomizzi/pruebassimulador/service_time_accuracy3/20260522_210722_514488_proxy_dd_output_hash_sha256_30obj_100p0mb_1w_0p18ia_256bits_linear_apptainer_compressible,,output,hash,SHA256,stage1,30,100.0,1,compressible,0.18,256,linear,apptainer,/home/dantsanc/SimulatorContinuum/stages/single_queue.sif,8,4,hash_calculate:SHA256,9.018757621117402,9.896459,0.8777013788825982,9.731954397216112,9.018757621117402,9.896459,0.8777013788825982,9.731954397216112,9.018757621117402,9.896459,0.8777013788825982,9.731954397216112,9.018757621117402,9.896459,0.8777013788825982,9.731954397216112
ok,/lustre/uc3m_a0/dynamic/dantedomizzi/pruebassimulador/service_time_accuracy3/20260522_210745_869357_proxy_dd_output_hash_sha256_30obj_100p0mb_1w_0p18ia_256bits_log_log_apptainer_compressible,,output,hash,SHA256,stage1,30,100.0,1,compressible,0.18,256,log-log,apptainer,/home/dantsanc/SimulatorContinuum/stages/single_queue.sif,8,4,hash_calculate:SHA256,8.967863039229997,9.871211,0.9033479607700041,10.073168566673024,8.967863039229997,9.871211,0.9033479607700041,10.073168566673024,8.967863039229997,9.871211,0.9033479607700041,10.073168566673024,8.967863039229997,9.871211,0.9033479607700041,10.073168566673024
ok,/lustre/uc3m_a0/dynamic/dantedomizzi/pruebassimulador/service_time_accuracy3/20260522_210805_286642_proxy_dd_output_hash_sha256_30obj_100p0mb_2w_0p18ia_256bits_linear_apptainer_compressible,,output,hash,SHA256,stage1,30,100.0,2,compressible,0.18,256,linear,apptainer,/home/dantsanc/SimulatorContinuum/stages/single_queue.sif,8,4,hash_calculate:SHA256,3.367332236812217,3.618816,0.25148376318778265,7.4683383017131995,3.367332236812217,3.618816,0.25148376318778265,7.4683383017131995,3.367332236812217,3.618816,0.25148376318778265,7.4683383017131995,3.367332236812217,3.618816,0.25148376318778265,7.4683383017131995
ok,/lustre/uc3m_a0/dynamic/dantedomizzi/pruebassimulador/service_time_accuracy3/20260522_210817_981071_proxy_dd_output_hash_sha256_30obj_100p0mb_2w_0p18ia_256bits_log_log_apptainer_compressible,,output,hash,SHA256,stage1,30,100.0,2,compressible,0.18,256,log-log,apptainer,/home/dantsanc/SimulatorContinuum/stages/single_queue.sif,8,4,hash_calculate:SHA256,3.2513705199526157,3.484097,0.2327264800473845,7.157796339088914,3.2513705199526157,3.484097,0.2327264800473845,7.157796339088914,3.2513705199526157,3.484097,0.2327264800473845,7.157796339088914,3.2513705199526157,3.484097,0.2327264800473845,7.157796339088914
ok,/lustre/uc3m_a0/dynamic/dantedomizzi/pruebassimulador/service_time_accuracy3/20260522_210830_332155_proxy_dd_output_hash_sha256_30obj_100p0mb_4w_0p18ia_256bits_linear_apptainer_compressible,,output,hash,SHA256,stage1,30,100.0,4,compressible,0.18,256,linear,apptainer,/home/dantsanc/SimulatorContinuum/stages/single_queue.sif,8,4,hash_calculate:SHA256,1.4852009505411843,1.682146,0.19694504945881564,13.26049847914869,1.4852009505411843,1.682146,0.19694504945881564,13.26049847914869,1.4852009505411843,1.682146,0.19694504945881564,13.26049847914869,1.4852009505411843,1.682146,0.19694504945881564,13.26049847914869
ok,/lustre/uc3m_a0/dynamic/dantedomizzi/pruebassimulador/service_time_accuracy3/20260522_210840_579649_proxy_dd_output_hash_sha256_30obj_100p0mb_4w_0p18ia_256bits_log_log_apptainer_compressible,,output,hash,SHA256,stage1,30,100.0,4,compressible,0.18,256,log-log,apptainer,/home/dantsanc/SimulatorContinuum/stages/single_queue.sif,8,4,hash_calculate:SHA256,1.4853566902893363,1.682486,0.19712930971066367,13.271513233111998,1.4853566902893363,1.682486,0.19712930971066367,13.271513233111998,1.4853566902893363,1.682486,0.19712930971066367,13.271513233111998,1.4853566902893363,1.682486,0.19712930971066367,13.271513233111998
ok,/lustre/uc3m_a0/dynamic/dantedomizzi/pruebassimulador/service_time_accuracy3/20260522_210850_949687_proxy_dd_output_hash_sha256_30obj_100p0mb_8w_0p18ia_256bits_linear_apptainer_compressible,,output,hash,SHA256,stage1,30,100.0,8,compressible,0.18,256,linear,apptainer,/home/dantsanc/SimulatorContinuum/stages/single_queue.sif,8,4,hash_calculate:SHA256,0.7302075098923524,1.031575,0.3013674901076475,41.27148598513802,0.7302075098923524,1.031575,0.3013674901076475,41.27148598513802,0.7302075098923524,1.031575,0.3013674901076475,41.27148598513802,0.7302075098923524,1.031575,0.3013674901076475,41.27148598513802
ok,/lustre/uc3m_a0/dynamic/dantedomizzi/pruebassimulador/service_time_accuracy3/20260522_210901_309448_proxy_dd_output_hash_sha256_30obj_100p0mb_8w_0p18ia_256bits_log_log_apptainer_compressible,,output,hash,SHA256,stage1,30,100.0,8,compressible,0.18,256,log-log,apptainer,/home/dantsanc/SimulatorContinuum/stages/single_queue.sif,8,4,hash_calculate:SHA256,0.710023389881826,1.000194,0.290170610118174,40.86775368998324,0.710023389881826,1.000194,0.290170610118174,40.86775368998324,0.710023389881826,1.000194,0.290170610118174,40.86775368998324,0.710023389881826,1.000194,0.290170610118174,40.86775368998324
ok,/lustre/uc3m_a0/dynamic/dantedomizzi/pruebassimulador/service_time_accuracy3/20260522_210911_777009_proxy_dd_output_hash_sha3_256_30obj_1p0mb_1w_0p18ia_256bits_linear_apptainer_compressible,,output,hash,SHA3_256,stage1,30,1.0,1,compressible,0.18,256,linear,apptainer,/home/dantsanc/SimulatorContinuum/stages/single_queue.sif,8,4,hash_calculate:SHA3_256,0.09332150995032862,0.083423,-0.009898509950328621,10.606890046675424,0.09332150995032862,0.083423,-0.009898509950328621,10.606890046675424,0.09332150995032862,0.083423,-0.009898509950328621,10.606890046675424,0.09332150995032862,0.083423,-0.009898509950328621,10.606890046675424
ok,/lustre/uc3m_a0/dynamic/dantedomizzi/pruebassimulador/service_time_accuracy3/20260522_210912_448509_proxy_dd_output_hash_sha3_256_30obj_1p0mb_1w_0p18ia_256bits_log_log_apptainer_compressible,,output,hash,SHA3_256,stage1,30,1.0,1,compressible,0.18,256,log-log,apptainer,/home/dantsanc/SimulatorContinuum/stages/single_queue.sif,8,4,hash_calculate:SHA3_256,0.09307265712413937,0.083157,-0.009915657124139374,10.653673625019614,0.09307265712413937,0.083157,-0.009915657124139374,10.653673625019614,0.09307265712413937,0.083157,-0.009915657124139374,10.653673625019614,0.09307265712413937,0.083157,-0.009915657124139374,10.653673625019614
ok,/lustre/uc3m_a0/dynamic/dantedomizzi/pruebassimulador/service_time_accuracy3/20260522_210913_150631_proxy_dd_output_hash_sha3_256_30obj_1p0mb_2w_0p18ia_256bits_linear_apptainer_compressible,,output,hash,SHA3_256,stage1,30,1.0,2,compressible,0.18,256,linear,apptainer,/home/dantsanc/SimulatorContinuum/stages/single_queue.sif,8,4,hash_calculate:SHA3_256,0.046877400134690106,0.041897,-0.004980400134690109,10.624309625491634,0.046877400134690106,0.041897,-0.004980400134690109,10.624309625491634,0.046877400134690106,0.041897,-0.004980400134690109,10.624309625491634,0.046877400134690106,0.041897,-0.004980400134690109,10.624309625491634
ok,/lustre/uc3m_a0/dynamic/dantedomizzi/pruebassimulador/service_time_accuracy3/20260522_210913_618078_proxy_dd_output_hash_sha3_256_30obj_1p0mb_2w_0p18ia_256bits_log_log_apptainer_compressible,,output,hash,SHA3_256,stage1,30,1.0,2,compressible,0.18,256,log-log,apptainer,/home/dantsanc/SimulatorContinuum/stages/single_queue.sif,8,4,hash_calculate:SHA3_256,0.0470302814792376,0.041957,-0.0050732814792376,10.787265820378504,0.0470302814792376,0.041957,-0.0050732814792376,10.787265820378504,0.0470302814792376,0.041957,-0.0050732814792376,10.787265820378504,0.0470302814792376,0.041957,-0.0050732814792376,10.787265820378504
ok,/lustre/uc3m_a0/dynamic/dantedomizzi/pruebassimulador/service_time_accuracy3/20260522_210914_211808_proxy_dd_output_hash_sha3_256_30obj_1p0mb_4w_0p18ia_256bits_linear_apptainer_compressible,,output,hash,SHA3_256,stage1,30,1.0,4,compressible,0.18,256,linear,apptainer,/home/dantsanc/SimulatorContinuum/stages/single_queue.sif,8,4,hash_calculate:SHA3_256,0.02371285624394659,0.022595,-0.001117856243946589,4.714135793877445,0.02371285624394659,0.022595,-0.001117856243946589,4.714135793877445,0.02371285624394659,0.022595,-0.001117856243946589,4.714135793877445,0.02371285624394659,0.022595,-0.001117856243946589,4.714135793877445
ok,/lustre/uc3m_a0/dynamic/dantedomizzi/pruebassimulador/service_time_accuracy3/20260522_210914_735087_proxy_dd_output_hash_sha3_256_30obj_1p0mb_4w_0p18ia_256bits_log_log_apptainer_compressible,,output,hash,SHA3_256,stage1,30,1.0,4,compressible,0.18,256,log-log,apptainer,/home/dantsanc/SimulatorContinuum/stages/single_queue.sif,8,4,hash_calculate:SHA3_256,0.023650339513551444,0.022487,-0.0011633395135514438,4.918912529288892,0.023650339513551444,0.022487,-0.0011633395135514438,4.918912529288892,0.023650339513551444,0.022487,-0.0011633395135514438,4.918912529288892,0.023650339513551444,0.022487,-0.0011633395135514438,4.918912529288892
ok,/lustre/uc3m_a0/dynamic/dantedomizzi/pruebassimulador/service_time_accuracy3/20260522_210915_223400_proxy_dd_output_hash_sha3_256_30obj_1p0mb_8w_0p18ia_256bits_linear_apptainer_compressible,,output,hash,SHA3_256,stage1,30,1.0,8,compressible,0.18,256,linear,apptainer,/home/dantsanc/SimulatorContinuum/stages/single_queue.sif,8,4,hash_calculate:SHA3_256,0.012147511937655509,0.014448,0.0023004880623444923,18.93793621402681,0.012147511937655509,0.014448,0.0023004880623444923,18.93793621402681,0.012147511937655509,0.014448,0.0023004880623444923,18.93793621402681,0.012147511937655509,0.014448,0.0023004880623444923,18.93793621402681
ok,/lustre/uc3m_a0/dynamic/dantedomizzi/pruebassimulador/service_time_accuracy3/20260522_210915_746806_proxy_dd_output_hash_sha3_256_30obj_1p0mb_8w_0p18ia_256bits_log_log_apptainer_compressible,,output,hash,SHA3_256,stage1,30,1.0,8,compressible,0.18,256,log-log,apptainer,/home/dantsanc/SimulatorContinuum/stages/single_queue.sif,8,4,hash_calculate:SHA3_256,0.012112894364690874,0.014336,0.002223105635309126,18.353215741643766,0.012112894364690874,0.014336,0.002223105635309126,18.353215741643766,0.012112894364690874,0.014336,0.002223105635309126,18.353215741643766,0.012112894364690874,0.014336,0.002223105635309126,18.353215741643766
ok,/lustre/uc3m_a0/dynamic/dantedomizzi/pruebassimulador/service_time_accuracy3/20260522_210916_284497_proxy_dd_output_hash_sha3_256_30obj_10p0mb_1w_0p18ia_256bits_linear_apptainer_compressible,,output,hash,SHA3_256,stage1,30,10.0,1,compressible,0.18,256,linear,apptainer,/home/dantsanc/SimulatorContinuum/stages/single_queue.sif,8,4,hash_calculate:SHA3_256,0.9142891492228955,0.81511,-0.0991791492228955,10.847678691931682,0.9142891492228955,0.81511,-0.0991791492228955,10.847678691931682,0.9142891492228955,0.81511,-0.0991791492228955,10.847678691931682,0.9142891492228955,0.81511,-0.0991791492228955,10.847678691931682
ok,/lustre/uc3m_a0/dynamic/dantedomizzi/pruebassimulador/service_time_accuracy3/20260522_210918_617467_proxy_dd_output_hash_sha3_256_30obj_10p0mb_1w_0p18ia_256bits_log_log_apptainer_compressible,,output,hash,SHA3_256,stage1,30,10.0,1,compressible,0.18,256,log-log,apptainer,/home/dantsanc/SimulatorContinuum/stages/single_queue.sif,8,4,hash_calculate:SHA3_256,0.8929562236880884,0.818306,-0.07465022368808838,8.359897350820624,0.8929562236880884,0.818306,-0.07465022368808838,8.359897350820624,0.8929562236880884,0.818306,-0.07465022368808838,8.359897350820624,0.8929562236880884,0.818306,-0.07465022368808838,8.359897350820624
ok,/lustre/uc3m_a0/dynamic/dantedomizzi/pruebassimulador/service_time_accuracy3/20260522_210920_909596_proxy_dd_output_hash_sha3_256_30obj_10p0mb_2w_0p18ia_256bits_linear_apptainer_compressible,,output,hash,SHA3_256,stage1,30,10.0,2,compressible,0.18,256,linear,apptainer,/home/dantsanc/SimulatorContinuum/stages/single_queue.sif,8,4,hash_calculate:SHA3_256,0.46229050651891157,0.413053,-0.04923750651891157,10.650771717047435,0.46229050651891157,0.413053,-0.04923750651891157,10.650771717047435,0.46229050651891157,0.413053,-0.04923750651891157,10.650771717047435,0.46229050651891157,0.413053,-0.04923750651891157,10.650771717047435
ok,/lustre/uc3m_a0/dynamic/dantedomizzi/pruebassimulador/service_time_accuracy3/20260522_210922_582433_proxy_dd_output_hash_sha3_256_30obj_10p0mb_2w_0p18ia_256bits_log_log_apptainer_compressible,,output,hash,SHA3_256,stage1,30,10.0,2,compressible,0.18,256,log-log,apptainer,/home/dantsanc/SimulatorContinuum/stages/single_queue.sif,8,4,hash_calculate:SHA3_256,0.46114476208458655,0.412697,-0.048447762084586565,10.505976879273307,0.46114476208458655,0.412697,-0.048447762084586565,10.505976879273307,0.46114476208458655,0.412697,-0.048447762084586565,10.505976879273307,0.46114476208458655,0.412697,-0.048447762084586565,10.505976879273307
ok,/lustre/uc3m_a0/dynamic/dantedomizzi/pruebassimulador/service_time_accuracy3/20260522_210924_124100_proxy_dd_output_hash_sha3_256_30obj_10p0mb_4w_0p18ia_256bits_linear_apptainer_compressible,,output,hash,SHA3_256,stage1,30,10.0,4,compressible,0.18,256,linear,apptainer,/home/dantsanc/SimulatorContinuum/stages/single_queue.sif,8,4,hash_calculate:SHA3_256,0.23528082705161069,0.225947,-0.009333827051610677,3.9671005787323375,0.23528082705161069,0.225947,-0.009333827051610677,3.9671005787323375,0.23528082705161069,0.225947,-0.009333827051610677,3.9671005787323375,0.23528082705161069,0.225947,-0.009333827051610677,3.9671005787323375
ok,/lustre/uc3m_a0/dynamic/dantedomizzi/pruebassimulador/service_time_accuracy3/20260522_210925_421058_proxy_dd_output_hash_sha3_256_30obj_10p0mb_4w_0p18ia_256bits_log_log_apptainer_compressible,,output,hash,SHA3_256,stage1,30,10.0,4,compressible,0.18,256,log-log,apptainer,/home/dantsanc/SimulatorContinuum/stages/single_queue.sif,8,4,hash_calculate:SHA3_256,0.23444474826101214,0.224892,-0.009552748261012128,4.074626679364495,0.23444474826101214,0.224892,-0.009552748261012128,4.074626679364495,0.23444474826101214,0.224892,-0.009552748261012128,4.074626679364495,0.23444474826101214,0.224892,-0.009552748261012128,4.074626679364495
ok,/lustre/uc3m_a0/dynamic/dantedomizzi/pruebassimulador/service_time_accuracy3/20260522_210926_649248_proxy_dd_output_hash_sha3_256_30obj_10p0mb_8w_0p18ia_256bits_linear_apptainer_compressible,,output,hash,SHA3_256,stage1,30,10.0,8,compressible,0.18,256,linear,apptainer,/home/dantsanc/SimulatorContinuum/stages/single_queue.sif,8,4,hash_calculate:SHA3_256,0.12049468101758976,0.116464,-0.004030681017589757,3.345111156401468,0.12049468101758976,0.116464,-0.004030681017589757,3.345111156401468,0.12049468101758976,0.116464,-0.004030681017589757,3.345111156401468,0.12049468101758976,0.116464,-0.004030681017589757,3.345111156401468
ok,/lustre/uc3m_a0/dynamic/dantedomizzi/pruebassimulador/service_time_accuracy3/20260522_210927_861092_proxy_dd_output_hash_sha3_256_30obj_10p0mb_8w_0p18ia_256bits_log_log_apptainer_compressible,,output,hash,SHA3_256,stage1,30,10.0,8,compressible,0.18,256,log-log,apptainer,/home/dantsanc/SimulatorContinuum/stages/single_queue.sif,8,4,hash_calculate:SHA3_256,0.12031835360539844,0.115874,-0.004444353605398438,3.6938284743941416,0.12031835360539844,0.115874,-0.004444353605398438,3.6938284743941416,0.12031835360539844,0.115874,-0.004444353605398438,3.6938284743941416,0.12031835360539844,0.115874,-0.004444353605398438,3.6938284743941416
ok,/lustre/uc3m_a0/dynamic/dantedomizzi/pruebassimulador/service_time_accuracy3/20260522_210929_016853_proxy_dd_output_hash_sha3_256_30obj_100p0mb_1w_0p18ia_256bits_linear_apptainer_compressible,,output,hash,SHA3_256,stage1,30,100.0,1,compressible,0.18,256,linear,apptainer,/home/dantsanc/SimulatorContinuum/stages/single_queue.sif,8,4,hash_calculate:SHA3_256,14.628936946741305,14.693116,0.06417905325869455,0.4387130349412769,14.628936946741305,14.693116,0.06417905325869455,0.4387130349412769,14.628936946741305,14.693116,0.06417905325869455,0.4387130349412769,14.628936946741305,14.693116,0.06417905325869455,0.4387130349412769
ok,/lustre/uc3m_a0/dynamic/dantedomizzi/pruebassimulador/service_time_accuracy3/20260522_210957_882042_proxy_dd_output_hash_sha3_256_30obj_100p0mb_1w_0p18ia_256bits_log_log_apptainer_compressible,,output,hash,SHA3_256,stage1,30,100.0,1,compressible,0.18,256,log-log,apptainer,/home/dantsanc/SimulatorContinuum/stages/single_queue.sif,8,4,hash_calculate:SHA3_256,14.528098327980842,14.561559,0.033460672019158366,0.23031694351017534,14.528098327980842,14.561559,0.033460672019158366,0.23031694351017534,14.528098327980842,14.561559,0.033460672019158366,0.23031694351017534,14.528098327980842,14.561559,0.033460672019158366,0.23031694351017534
ok,/lustre/uc3m_a0/dynamic/dantedomizzi/pruebassimulador/service_time_accuracy3/20260522_211022_916084_proxy_dd_output_hash_sha3_256_30obj_100p0mb_2w_0p18ia_256bits_linear_apptainer_compressible,,output,hash,SHA3_256,stage1,30,100.0,2,compressible,0.18,256,linear,apptainer,/home/dantsanc/SimulatorContinuum/stages/single_queue.sif,8,4,hash_calculate:SHA3_256,5.3314822239626665,5.015843,-0.3156392239626662,5.920290281453191,5.3314822239626665,5.015843,-0.3156392239626662,5.920290281453191,5.3314822239626665,5.015843,-0.3156392239626662,5.920290281453191,5.3314822239626665,5.015843,-0.3156392239626662,5.920290281453191
ok,/lustre/uc3m_a0/dynamic/dantedomizzi/pruebassimulador/service_time_accuracy3/20260522_211038_013354_proxy_dd_output_hash_sha3_256_30obj_100p0mb_2w_0p18ia_256bits_log_log_apptainer_compressible,,output,hash,SHA3_256,stage1,30,100.0,2,compressible,0.18,256,log-log,apptainer,/home/dantsanc/SimulatorContinuum/stages/single_queue.sif,8,4,hash_calculate:SHA3_256,5.544511654530652,5.222583,-0.32192865453065167,5.806258054622184,5.544511654530652,5.222583,-0.32192865453065167,5.806258054622184,5.544511654530652,5.222583,-0.32192865453065167,5.806258054622184,5.544511654530652,5.222583,-0.32192865453065167,5.806258054622184
ok,/lustre/uc3m_a0/dynamic/dantedomizzi/pruebassimulador/service_time_accuracy3/20260522_211052_979914_proxy_dd_output_hash_sha3_256_30obj_100p0mb_4w_0p18ia_256bits_linear_apptainer_compressible,,output,hash,SHA3_256,stage1,30,100.0,4,compressible,0.18,256,linear,apptainer,/home/dantsanc/SimulatorContinuum/stages/single_queue.sif,8,4,hash_calculate:SHA3_256,2.826031220218283,2.871082,0.04505077978171679,1.5941359550244834,2.826031220218283,2.871082,0.04505077978171679,1.5941359550244834,2.826031220218283,2.871082,0.04505077978171679,1.5941359550244834,2.826031220218283,2.871082,0.04505077978171679,1.5941359550244834
ok,/lustre/uc3m_a0/dynamic/dantedomizzi/pruebassimulador/service_time_accuracy3/20260522_211103_891553_proxy_dd_output_hash_sha3_256_30obj_100p0mb_4w_0p18ia_256bits_log_log_apptainer_compressible,,output,hash,SHA3_256,stage1,30,100.0,4,compressible,0.18,256,log-log,apptainer,/home/dantsanc/SimulatorContinuum/stages/single_queue.sif,8,4,hash_calculate:SHA3_256,2.675634906772757,2.680123,0.004488093227243084,0.16773937340563558,2.675634906772757,2.680123,0.004488093227243084,0.16773937340563558,2.675634906772757,2.680123,0.004488093227243084,0.16773937340563558,2.675634906772757,2.680123,0.004488093227243084,0.16773937340563558
ok,/lustre/uc3m_a0/dynamic/dantedomizzi/pruebassimulador/service_time_accuracy3/20260522_211114_490527_proxy_dd_output_hash_sha3_256_30obj_100p0mb_8w_0p18ia_256bits_linear_apptainer_compressible,,output,hash,SHA3_256,stage1,30,100.0,8,compressible,0.18,256,linear,apptainer,/home/dantsanc/SimulatorContinuum/stages/single_queue.sif,8,4,hash_calculate:SHA3_256,1.4256281059497269,1.452508,0.026879894050273023,1.885477281072972,1.4256281059497269,1.452508,0.026879894050273023,1.885477281072972,1.4256281059497269,1.452508,0.026879894050273023,1.885477281072972,1.4256281059497269,1.452508,0.026879894050273023,1.885477281072972
ok,/lustre/uc3m_a0/dynamic/dantedomizzi/pruebassimulador/service_time_accuracy3/20260522_211125_030547_proxy_dd_output_hash_sha3_256_30obj_100p0mb_8w_0p18ia_256bits_log_log_apptainer_compressible,,output,hash,SHA3_256,stage1,30,100.0,8,compressible,0.18,256,log-log,apptainer,/home/dantsanc/SimulatorContinuum/stages/single_queue.sif,8,4,hash_calculate:SHA3_256,1.4094442994028213,1.786939,0.3774947005971787,26.7832294441946,1.4094442994028213,1.786939,0.3774947005971787,26.7832294441946,1.4094442994028213,1.786939,0.3774947005971787,26.7832294441946,1.4094442994028213,1.786939,0.3774947005971787,26.7832294441946
ok,/lustre/uc3m_a0/dynamic/dantedomizzi/pruebassimulador/service_time_accuracy3/20260522_211135_816528_proxy_dd_output_cipher_aes_30obj_1p0mb_1w_0p18ia_256bits_linear_apptainer_compressible,,output,cipher,AES,stage1,30,1.0,1,compressible,0.18,256,linear,apptainer,/home/dantsanc/SimulatorContinuum/stages/single_queue.sif,8,4,encrypt:AES,0.10762599745066836,0.095934,-0.01169199745066836,10.863543871941836,0.10762599745066836,0.095934,-0.01169199745066836,10.863543871941836,0.10762599745066836,0.095934,-0.01169199745066836,10.863543871941836,0.10762599745066836,0.095934,-0.01169199745066836,10.863543871941836
ok,/lustre/uc3m_a0/dynamic/dantedomizzi/pruebassimulador/service_time_accuracy3/20260522_211136_516223_proxy_dd_output_cipher_aes_30obj_1p0mb_1w_0p18ia_256bits_log_log_apptainer_compressible,,output,cipher,AES,stage1,30,1.0,1,compressible,0.18,256,log-log,apptainer,/home/dantsanc/SimulatorContinuum/stages/single_queue.sif,8,4,encrypt:AES,0.10587464994750917,0.096636,-0.00923864994750917,8.726026439841391,0.10587464994750917,0.096636,-0.00923864994750917,8.726026439841391,0.10587464994750917,0.096636,-0.00923864994750917,8.726026439841391,0.10587464994750917,0.096636,-0.00923864994750917,8.726026439841391
ok,/lustre/uc3m_a0/dynamic/dantedomizzi/pruebassimulador/service_time_accuracy3/20260522_211137_098833_proxy_dd_output_cipher_aes_30obj_1p0mb_2w_0p18ia_256bits_linear_apptainer_compressible,,output,cipher,AES,stage1,30,1.0,2,compressible,0.18,256,linear,apptainer,/home/dantsanc/SimulatorContinuum/stages/single_queue.sif,8,4,encrypt:AES,0.05490730298333801,0.048467,-0.00644030298333801,11.729410539964716,0.05490730298333801,0.048467,-0.00644030298333801,11.729410539964716,0.05490730298333801,0.048467,-0.00644030298333801,11.729410539964716,0.05490730298333801,0.048467,-0.00644030298333801,11.729410539964716
ok,/lustre/uc3m_a0/dynamic/dantedomizzi/pruebassimulador/service_time_accuracy3/20260522_211137_673847_proxy_dd_output_cipher_aes_30obj_1p0mb_2w_0p18ia_256bits_log_log_apptainer_compressible,,output,cipher,AES,stage1,30,1.0,2,compressible,0.18,256,log-log,apptainer,/home/dantsanc/SimulatorContinuum/stages/single_queue.sif,8,4,encrypt:AES,0.05484672309830785,0.048693,-0.006153723098307848,11.219855536816393,0.05484672309830785,0.048693,-0.006153723098307848,11.219855536816393,0.05484672309830785,0.048693,-0.006153723098307848,11.219855536816393,0.05484672309830785,0.048693,-0.006153723098307848,11.219855536816393
ok,/lustre/uc3m_a0/dynamic/dantedomizzi/pruebassimulador/service_time_accuracy3/20260522_211138_238284_proxy_dd_output_cipher_aes_30obj_1p0mb_4w_0p18ia_256bits_linear_apptainer_compressible,,output,cipher,AES,stage1,30,1.0,4,compressible,0.18,256,linear,apptainer,/home/dantsanc/SimulatorContinuum/stages/single_queue.sif,8,4,encrypt:AES,0.029790400425554253,0.026666,-0.0031244004255542544,10.487943703080067,0.029790400425554253,0.026666,-0.0031244004255542544,10.487943703080067,0.029790400425554253,0.026666,-0.0031244004255542544,10.487943703080067,0.029790400425554253,0.026666,-0.0031244004255542544,10.487943703080067
ok,/lustre/uc3m_a0/dynamic/dantedomizzi/pruebassimulador/service_time_accuracy3/20260522_211138_821584_proxy_dd_output_cipher_aes_30obj_1p0mb_4w_0p18ia_256bits_log_log_apptainer_compressible,,output,cipher,AES,stage1,30,1.0,4,compressible,0.18,256,log-log,apptainer,/home/dantsanc/SimulatorContinuum/stages/single_queue.sif,8,4,encrypt:AES,0.030004885920789093,0.026944,-0.0030608859207890936,10.201291645866041,0.030004885920789093,0.026944,-0.0030608859207890936,10.201291645866041,0.030004885920789093,0.026944,-0.0030608859207890936,10.201291645866041,0.030004885920789093,0.026944,-0.0030608859207890936,10.201291645866041
ok,/lustre/uc3m_a0/dynamic/dantedomizzi/pruebassimulador/service_time_accuracy3/20260522_211139_392302_proxy_dd_output_cipher_aes_30obj_1p0mb_8w_0p18ia_256bits_linear_apptainer_compressible,,output,cipher,AES,stage1,30,1.0,8,compressible,0.18,256,linear,apptainer,/home/dantsanc/SimulatorContinuum/stages/single_queue.sif,8,4,encrypt:AES,0.016916825392399915,0.017313,0.00039617460760008397,2.341896889105861,0.016916825392399915,0.017313,0.00039617460760008397,2.341896889105861,0.016916825392399915,0.017313,0.00039617460760008397,2.341896889105861,0.016916825392399915,0.017313,0.00039617460760008397,2.341896889105861
ok,/lustre/uc3m_a0/dynamic/dantedomizzi/pruebassimulador/service_time_accuracy3/20260522_211139_917520_proxy_dd_output_cipher_aes_30obj_1p0mb_8w_0p18ia_256bits_log_log_apptainer_compressible,,output,cipher,AES,stage1,30,1.0,8,compressible,0.18,256,log-log,apptainer,/home/dantsanc/SimulatorContinuum/stages/single_queue.sif,8,4,encrypt:AES,0.016781114223704208,0.017319,0.0005378857762957934,3.205304302952669,0.016781114223704208,0.017319,0.0005378857762957934,3.205304302952669,0.016781114223704208,0.017319,0.0005378857762957934,3.205304302952669,0.016781114223704208,0.017319,0.0005378857762957934,3.205304302952669
ok,/lustre/uc3m_a0/dynamic/dantedomizzi/pruebassimulador/service_time_accuracy3/20260522_211140_418668_proxy_dd_output_cipher_aes_30obj_10p0mb_1w_0p18ia_256bits_linear_apptainer_compressible,,output,cipher,AES,stage1,30,10.0,1,compressible,0.18,256,linear,apptainer,/home/dantsanc/SimulatorContinuum/stages/single_queue.sif,8,4,encrypt:AES,1.1223618027288467,0.959549,-0.16281280272884668,14.506267260075395,1.1223618027288467,0.959549,-0.16281280272884668,14.506267260075395,1.1223618027288467,0.959549,-0.16281280272884668,14.506267260075395,1.1223618027288467,0.959549,-0.16281280272884668,14.506267260075395
ok,/lustre/uc3m_a0/dynamic/dantedomizzi/pruebassimulador/service_time_accuracy3/20260522_211142_945676_proxy_dd_output_cipher_aes_30obj_10p0mb_1w_0p18ia_256bits_log_log_apptainer_compressible,,output,cipher,AES,stage1,30,10.0,1,compressible,0.18,256,log-log,apptainer,/home/dantsanc/SimulatorContinuum/stages/single_queue.sif,8,4,encrypt:AES,1.116984145308379,0.984832,-0.13215214530837904,11.831156768290048,1.116984145308379,0.984832,-0.13215214530837904,11.831156768290048,1.116984145308379,0.984832,-0.13215214530837904,11.831156768290048,1.116984145308379,0.984832,-0.13215214530837904,11.831156768290048
ok,/lustre/uc3m_a0/dynamic/dantedomizzi/pruebassimulador/service_time_accuracy3/20260522_211145_488491_proxy_dd_output_cipher_aes_30obj_10p0mb_2w_0p18ia_256bits_linear_apptainer_compressible,,output,cipher,AES,stage1,30,10.0,2,compressible,0.18,256,linear,apptainer,/home/dantsanc/SimulatorContinuum/stages/single_queue.sif,8,4,encrypt:AES,0.5799362676625606,0.490054,-0.08988226766256058,15.498645743407637,0.5799362676625606,0.490054,-0.08988226766256058,15.498645743407637,0.5799362676625606,0.490054,-0.08988226766256058,15.498645743407637,0.5799362676625606,0.490054,-0.08988226766256058,15.498645743407637
ok,/lustre/uc3m_a0/dynamic/dantedomizzi/pruebassimulador/service_time_accuracy3/20260522_211147_237493_proxy_dd_output_cipher_aes_30obj_10p0mb_2w_0p18ia_256bits_log_log_apptainer_compressible,,output,cipher,AES,stage1,30,10.0,2,compressible,0.18,256,log-log,apptainer,/home/dantsanc/SimulatorContinuum/stages/single_queue.sif,8,4,encrypt:AES,0.581121307448484,0.507509,-0.07361230744848402,12.667287622216417,0.581121307448484,0.507509,-0.07361230744848402,12.667287622216417,0.581121307448484,0.507509,-0.07361230744848402,12.667287622216417,0.581121307448484,0.507509,-0.07361230744848402,12.667287622216417
ok,/lustre/uc3m_a0/dynamic/dantedomizzi/pruebassimulador/service_time_accuracy3/20260522_211148_899161_proxy_dd_output_cipher_aes_30obj_10p0mb_4w_0p18ia_256bits_linear_apptainer_compressible,,output,cipher,AES,stage1,30,10.0,4,compressible,0.18,256,linear,apptainer,/home/dantsanc/SimulatorContinuum/stages/single_queue.sif,8,4,encrypt:AES,0.32532614676165394,0.283848,-0.041478146761653956,12.749711996571364,0.32532614676165394,0.283848,-0.041478146761653956,12.749711996571364,0.32532614676165394,0.283848,-0.041478146761653956,12.749711996571364,0.32532614676165394,0.283848,-0.041478146761653956,12.749711996571364
ok,/lustre/uc3m_a0/dynamic/dantedomizzi/pruebassimulador/service_time_accuracy3/20260522_211150_267140_proxy_dd_output_cipher_aes_30obj_10p0mb_4w_0p18ia_256bits_log_log_apptainer_compressible,,output,cipher,AES,stage1,30,10.0,4,compressible,0.18,256,log-log,apptainer,/home/dantsanc/SimulatorContinuum/stages/single_queue.sif,8,4,encrypt:AES,0.3238389480538899,0.291995,-0.0318439480538899,9.833266889376988,0.3238389480538899,0.291995,-0.0318439480538899,9.833266889376988,0.3238389480538899,0.291995,-0.0318439480538899,9.833266889376988,0.3238389480538899,0.291995,-0.0318439480538899,9.833266889376988
ok,/lustre/uc3m_a0/dynamic/dantedomizzi/pruebassimulador/service_time_accuracy3/20260522_211151_756014_proxy_dd_output_cipher_aes_30obj_10p0mb_8w_0p18ia_256bits_linear_apptainer_compressible,,output,cipher,AES,stage1,30,10.0,8,compressible,0.18,256,linear,apptainer,/home/dantsanc/SimulatorContinuum/stages/single_queue.sif,8,4,encrypt:AES,0.19063568060664693,0.20705,0.016414319393353083,8.610308070933476,0.19063568060664693,0.20705,0.016414319393353083,8.610308070933476,0.19063568060664693,0.20705,0.016414319393353083,8.610308070933476,0.19063568060664693,0.20705,0.016414319393353083,8.610308070933476
ok,/lustre/uc3m_a0/dynamic/dantedomizzi/pruebassimulador/service_time_accuracy3/20260522_211153_029227_proxy_dd_output_cipher_aes_30obj_10p0mb_8w_0p18ia_256bits_log_log_apptainer_compressible,,output,cipher,AES,stage1,30,10.0,8,compressible,0.18,256,log-log,apptainer,/home/dantsanc/SimulatorContinuum/stages/single_queue.sif,8,4,encrypt:AES,0.1910284786426928,0.208166,0.0171375213573072,8.971186641423188,0.1910284786426928,0.208166,0.0171375213573072,8.971186641423188,0.1910284786426928,0.208166,0.0171375213573072,8.971186641423188,0.1910284786426928,0.208166,0.0171375213573072,8.971186641423188
ok,/lustre/uc3m_a0/dynamic/dantedomizzi/pruebassimulador/service_time_accuracy3/20260522_211154_306920_proxy_dd_output_cipher_aes_30obj_100p0mb_1w_0p18ia_256bits_linear_apptainer_compressible,,output,cipher,AES,stage1,30,100.0,1,compressible,0.18,256,linear,apptainer,/home/dantsanc/SimulatorContinuum/stages/single_queue.sif,8,4,encrypt:AES,17.289029105275404,11.769935,-5.5190941052754035,31.92252191646413,17.289029105275404,11.769935,-5.5190941052754035,31.92252191646413,17.289029105275404,11.769935,-5.5190941052754035,31.92252191646413,17.289029105275404,11.769935,-5.5190941052754035,31.92252191646413
ok,/lustre/uc3m_a0/dynamic/dantedomizzi/pruebassimulador/service_time_accuracy3/20260522_211225_907353_proxy_dd_output_cipher_aes_30obj_100p0mb_1w_0p18ia_256bits_log_log_apptainer_compressible,,output,cipher,AES,stage1,30,100.0,1,compressible,0.18,256,log-log,apptainer,/home/dantsanc/SimulatorContinuum/stages/single_queue.sif,8,4,encrypt:AES,16.637963237881195,11.212059,-5.425904237881195,32.61158929313857,16.637963237881195,11.212059,-5.425904237881195,32.61158929313857,16.637963237881195,11.212059,-5.425904237881195,32.61158929313857,16.637963237881195,11.212059,-5.425904237881195,32.61158929313857
ok,/lustre/uc3m_a0/dynamic/dantedomizzi/pruebassimulador/service_time_accuracy3/20260522_211253_315511_proxy_dd_output_cipher_aes_30obj_100p0mb_2w_0p18ia_256bits_linear_apptainer_compressible,,output,cipher,AES,stage1,30,100.0,2,compressible,0.18,256,linear,apptainer,/home/dantsanc/SimulatorContinuum/stages/single_queue.sif,8,4,encrypt:AES,8.896347400994273,6.246251,-2.650096400994273,29.78858942376838,8.896347400994273,6.246251,-2.650096400994273,29.78858942376838,8.896347400994273,6.246251,-2.650096400994273,29.78858942376838,8.896347400994273,6.246251,-2.650096400994273,29.78858942376838
ok,/lustre/uc3m_a0/dynamic/dantedomizzi/pruebassimulador/service_time_accuracy3/20260522_211310_376207_proxy_dd_output_cipher_aes_30obj_100p0mb_2w_0p18ia_256bits_log_log_apptainer_compressible,,output,cipher,AES,stage1,30,100.0,2,compressible,0.18,256,log-log,apptainer,/home/dantsanc/SimulatorContinuum/stages/single_queue.sif,8,4,encrypt:AES,8.522728801093763,5.920668,-2.6020608010937627,30.53084125778856,8.522728801093763,5.920668,-2.6020608010937627,30.53084125778856,8.522728801093763,5.920668,-2.6020608010937627,30.53084125778856,8.522728801093763,5.920668,-2.6020608010937627,30.53084125778856
ok,/lustre/uc3m_a0/dynamic/dantedomizzi/pruebassimulador/service_time_accuracy3/20260522_211327_300432_proxy_dd_output_cipher_aes_30obj_100p0mb_4w_0p18ia_256bits_linear_apptainer_compressible,,output,cipher,AES,stage1,30,100.0,4,compressible,0.18,256,linear,apptainer,/home/dantsanc/SimulatorContinuum/stages/single_queue.sif,8,4,encrypt:AES,4.336540525226155,4.056344,-0.2801965252261551,6.461291520192644,4.336540525226155,4.056344,-0.2801965252261551,6.461291520192644,4.336540525226155,4.056344,-0.2801965252261551,6.461291520192644,4.336540525226155,4.056344,-0.2801965252261551,6.461291520192644
ok,/lustre/uc3m_a0/dynamic/dantedomizzi/pruebassimulador/service_time_accuracy3/20260522_211339_240745_proxy_dd_output_cipher_aes_30obj_100p0mb_4w_0p18ia_256bits_log_log_apptainer_compressible,,output,cipher,AES,stage1,30,100.0,4,compressible,0.18,256,log-log,apptainer,/home/dantsanc/SimulatorContinuum/stages/single_queue.sif,8,4,encrypt:AES,4.2230173273565015,3.913806,-0.30921132735650136,7.322047327474728,4.2230173273565015,3.913806,-0.30921132735650136,7.322047327474728,4.2230173273565015,3.913806,-0.30921132735650136,7.322047327474728,4.2230173273565015,3.913806,-0.30921132735650136,7.322047327474728
ok,/lustre/uc3m_a0/dynamic/dantedomizzi/pruebassimulador/service_time_accuracy3/20260522_211351_058032_proxy_dd_output_cipher_aes_30obj_100p0mb_8w_0p18ia_256bits_linear_apptainer_compressible,,output,cipher,AES,stage1,30,100.0,8,compressible,0.18,256,linear,apptainer,/home/dantsanc/SimulatorContinuum/stages/single_queue.sif,8,4,encrypt:AES,2.3015898864832707,2.757725,0.45613511351672953,19.818261984705025,2.3015898864832707,2.757725,0.45613511351672953,19.818261984705025,2.3015898864832707,2.757725,0.45613511351672953,19.818261984705025,2.3015898864832707,2.757725,0.45613511351672953,19.818261984705025
ok,/lustre/uc3m_a0/dynamic/dantedomizzi/pruebassimulador/service_time_accuracy3/20260522_211402_291277_proxy_dd_output_cipher_aes_30obj_100p0mb_8w_0p18ia_256bits_log_log_apptainer_compressible,,output,cipher,AES,stage1,30,100.0,8,compressible,0.18,256,log-log,apptainer,/home/dantsanc/SimulatorContinuum/stages/single_queue.sif,8,4,encrypt:AES,2.2412848275635042,2.613938,0.37265317243649587,16.626765498680786,2.2412848275635042,2.613938,0.37265317243649587,16.626765498680786,2.2412848275635042,2.613938,0.37265317243649587,16.626765498680786,2.2412848275635042,2.613938,0.37265317243649587,16.626765498680786
ok,/lustre/uc3m_a0/dynamic/dantedomizzi/pruebassimulador/service_time_accuracy3/20260522_211413_129963_proxy_dd_output_cipher_chacha20_30obj_1p0mb_1w_0p18ia_256bits_linear_apptainer_compressible,,output,cipher,CHACHA20,stage1,30,1.0,1,compressible,0.18,256,linear,apptainer,/home/dantsanc/SimulatorContinuum/stages/single_queue.sif,8,4,encrypt:CHACHA20,0.11892194271786138,0.109743,-0.00917894271786139,7.71846011600916,0.11892194271786138,0.109743,-0.00917894271786139,7.71846011600916,0.11892194271786138,0.109743,-0.00917894271786139,7.71846011600916,0.11892194271786138,0.109743,-0.00917894271786139,7.71846011600916
ok,/lustre/uc3m_a0/dynamic/dantedomizzi/pruebassimulador/service_time_accuracy3/20260522_211413_939403_proxy_dd_output_cipher_chacha20_30obj_1p0mb_1w_0p18ia_256bits_log_log_apptainer_compressible,,output,cipher,CHACHA20,stage1,30,1.0,1,compressible,0.18,256,log-log,apptainer,/home/dantsanc/SimulatorContinuum/stages/single_queue.sif,8,4,encrypt:CHACHA20,0.11857780982973054,0.10998,-0.008597809829730546,7.250774695599793,0.11857780982973054,0.10998,-0.008597809829730546,7.250774695599793,0.11857780982973054,0.10998,-0.008597809829730546,7.250774695599793,0.11857780982973054,0.10998,-0.008597809829730546,7.250774695599793
ok,/lustre/uc3m_a0/dynamic/dantedomizzi/pruebassimulador/service_time_accuracy3/20260522_211414_621066_proxy_dd_output_cipher_chacha20_30obj_1p0mb_2w_0p18ia_256bits_linear_apptainer_compressible,,output,cipher,CHACHA20,stage1,30,1.0,2,compressible,0.18,256,linear,apptainer,/home/dantsanc/SimulatorContinuum/stages/single_queue.sif,8,4,encrypt:CHACHA20,0.060601079516345635,0.055285,-0.005316079516345634,8.77225217565927,0.060601079516345635,0.055285,-0.005316079516345634,8.77225217565927,0.060601079516345635,0.055285,-0.005316079516345634,8.77225217565927,0.060601079516345635,0.055285,-0.005316079516345634,8.77225217565927
ok,/lustre/uc3m_a0/dynamic/dantedomizzi/pruebassimulador/service_time_accuracy3/20260522_211415_244136_proxy_dd_output_cipher_chacha20_30obj_1p0mb_2w_0p18ia_256bits_log_log_apptainer_compressible,,output,cipher,CHACHA20,stage1,30,1.0,2,compressible,0.18,256,log-log,apptainer,/home/dantsanc/SimulatorContinuum/stages/single_queue.sif,8,4,encrypt:CHACHA20,0.060561938415048644,0.055536,-0.005025938415048642,8.29884007444481,0.060561938415048644,0.055536,-0.005025938415048642,8.29884007444481,0.060561938415048644,0.055536,-0.005025938415048642,8.29884007444481,0.060561938415048644,0.055536,-0.005025938415048642,8.29884007444481
ok,/lustre/uc3m_a0/dynamic/dantedomizzi/pruebassimulador/service_time_accuracy3/20260522_211415_841936_proxy_dd_output_cipher_chacha20_30obj_1p0mb_4w_0p18ia_256bits_linear_apptainer_compressible,,output,cipher,CHACHA20,stage1,30,1.0,4,compressible,0.18,256,linear,apptainer,/home/dantsanc/SimulatorContinuum/stages/single_queue.sif,8,4,encrypt:CHACHA20,0.03226378727413248,0.03058,-0.0016837872741324832,5.218814703388715,0.03226378727413248,0.03058,-0.0016837872741324832,5.218814703388715,0.03226378727413248,0.03058,-0.0016837872741324832,5.218814703388715,0.03226378727413248,0.03058,-0.0016837872741324832,5.218814703388715
ok,/lustre/uc3m_a0/dynamic/dantedomizzi/pruebassimulador/service_time_accuracy3/20260522_211416_475941_proxy_dd_output_cipher_chacha20_30obj_1p0mb_4w_0p18ia_256bits_log_log_apptainer_compressible,,output,cipher,CHACHA20,stage1,30,1.0,4,compressible,0.18,256,log-log,apptainer,/home/dantsanc/SimulatorContinuum/stages/single_queue.sif,8,4,encrypt:CHACHA20,0.03218865998496767,0.030728,-0.001460659984967673,4.53780923359286,0.03218865998496767,0.030728,-0.001460659984967673,4.53780923359286,0.03218865998496767,0.030728,-0.001460659984967673,4.53780923359286,0.03218865998496767,0.030728,-0.001460659984967673,4.53780923359286
ok,/lustre/uc3m_a0/dynamic/dantedomizzi/pruebassimulador/service_time_accuracy3/20260522_211417_050290_proxy_dd_output_cipher_chacha20_30obj_1p0mb_8w_0p18ia_256bits_linear_apptainer_compressible,,output,cipher,CHACHA20,stage1,30,1.0,8,compressible,0.18,256,linear,apptainer,/home/dantsanc/SimulatorContinuum/stages/single_queue.sif,8,4,encrypt:CHACHA20,0.017293980890826788,0.01969,0.0023960191091732114,13.854641821907684,0.017293980890826788,0.01969,0.0023960191091732114,13.854641821907684,0.017293980890826788,0.01969,0.0023960191091732114,13.854641821907684,0.017293980890826788,0.01969,0.0023960191091732114,13.854641821907684
ok,/lustre/uc3m_a0/dynamic/dantedomizzi/pruebassimulador/service_time_accuracy3/20260522_211417_615736_proxy_dd_output_cipher_chacha20_30obj_1p0mb_8w_0p18ia_256bits_log_log_apptainer_compressible,,output,cipher,CHACHA20,stage1,30,1.0,8,compressible,0.18,256,log-log,apptainer,/home/dantsanc/SimulatorContinuum/stages/single_queue.sif,8,4,encrypt:CHACHA20,0.017340649450488854,0.019864,0.0025233505495111455,14.551649617944436,0.017340649450488854,0.019864,0.0025233505495111455,14.551649617944436,0.017340649450488854,0.019864,0.0025233505495111455,14.551649617944436,0.017340649450488854,0.019864,0.0025233505495111455,14.551649617944436
ok,/lustre/uc3m_a0/dynamic/dantedomizzi/pruebassimulador/service_time_accuracy3/20260522_211418_183953_proxy_dd_output_cipher_chacha20_30obj_10p0mb_1w_0p18ia_256bits_linear_apptainer_compressible,,output,cipher,CHACHA20,stage1,30,10.0,1,compressible,0.18,256,linear,apptainer,/home/dantsanc/SimulatorContinuum/stages/single_queue.sif,8,4,encrypt:CHACHA20,1.2885614390834235,1.133272,-0.1552894390834234,12.05138027363938,1.2885614390834235,1.133272,-0.1552894390834234,12.05138027363938,1.2885614390834235,1.133272,-0.1552894390834234,12.05138027363938,1.2885614390834235,1.133272,-0.1552894390834234,12.05138027363938
ok,/lustre/uc3m_a0/dynamic/dantedomizzi/pruebassimulador/service_time_accuracy3/20260522_211420_915643_proxy_dd_output_cipher_chacha20_30obj_10p0mb_1w_0p18ia_256bits_log_log_apptainer_compressible,,output,cipher,CHACHA20,stage1,30,10.0,1,compressible,0.18,256,log-log,apptainer,/home/dantsanc/SimulatorContinuum/stages/single_queue.sif,8,4,encrypt:CHACHA20,1.2910576069843955,1.163687,-0.12737060698439562,9.86560214628247,1.2910576069843955,1.163687,-0.12737060698439562,9.86560214628247,1.2910576069843955,1.163687,-0.12737060698439562,9.86560214628247,1.2910576069843955,1.163687,-0.12737060698439562,9.86560214628247
ok,/lustre/uc3m_a0/dynamic/dantedomizzi/pruebassimulador/service_time_accuracy3/20260522_211423_667349_proxy_dd_output_cipher_chacha20_30obj_10p0mb_2w_0p18ia_256bits_linear_apptainer_compressible,,output,cipher,CHACHA20,stage1,30,10.0,2,compressible,0.18,256,linear,apptainer,/home/dantsanc/SimulatorContinuum/stages/single_queue.sif,8,4,encrypt:CHACHA20,0.6547701000818051,0.572156,-0.08261410008180514,12.617268270417902,0.6547701000818051,0.572156,-0.08261410008180514,12.617268270417902,0.6547701000818051,0.572156,-0.08261410008180514,12.617268270417902,0.6547701000818051,0.572156,-0.08261410008180514,12.617268270417902
ok,/lustre/uc3m_a0/dynamic/dantedomizzi/pruebassimulador/service_time_accuracy3/20260522_211425_496453_proxy_dd_output_cipher_chacha20_30obj_10p0mb_2w_0p18ia_256bits_log_log_apptainer_compressible,,output,cipher,CHACHA20,stage1,30,10.0,2,compressible,0.18,256,log-log,apptainer,/home/dantsanc/SimulatorContinuum/stages/single_queue.sif,8,4,encrypt:CHACHA20,0.6561834745225497,0.588472,-0.06771147452254966,10.318985032626385,0.6561834745225497,0.588472,-0.06771147452254966,10.318985032626385,0.6561834745225497,0.588472,-0.06771147452254966,10.318985032626385,0.6561834745225497,0.588472,-0.06771147452254966,10.318985032626385
ok,/lustre/uc3m_a0/dynamic/dantedomizzi/pruebassimulador/service_time_accuracy3/20260522_211427_273546_proxy_dd_output_cipher_chacha20_30obj_10p0mb_4w_0p18ia_256bits_linear_apptainer_compressible,,output,cipher,CHACHA20,stage1,30,10.0,4,compressible,0.18,256,linear,apptainer,/home/dantsanc/SimulatorContinuum/stages/single_queue.sif,8,4,encrypt:CHACHA20,0.3382519727892941,0.318935,-0.019316972789294062,5.710823392987897,0.3382519727892941,0.318935,-0.019316972789294062,5.710823392987897,0.3382519727892941,0.318935,-0.019316972789294062,5.710823392987897,0.3382519727892941,0.318935,-0.019316972789294062,5.710823392987897
ok,/lustre/uc3m_a0/dynamic/dantedomizzi/pruebassimulador/service_time_accuracy3/20260522_211428_656921_proxy_dd_output_cipher_chacha20_30obj_10p0mb_4w_0p18ia_256bits_log_log_apptainer_compressible,,output,cipher,CHACHA20,stage1,30,10.0,4,compressible,0.18,256,log-log,apptainer,/home/dantsanc/SimulatorContinuum/stages/single_queue.sif,8,4,encrypt:CHACHA20,0.34985362546285614,0.332238,-0.017615625462856166,5.035141608022699,0.34985362546285614,0.332238,-0.017615625462856166,5.035141608022699,0.34985362546285614,0.332238,-0.017615625462856166,5.035141608022699,0.34985362546285614,0.332238,-0.017615625462856166,5.035141608022699
ok,/lustre/uc3m_a0/dynamic/dantedomizzi/pruebassimulador/service_time_accuracy3/20260522_211430_084518_proxy_dd_output_cipher_chacha20_30obj_10p0mb_8w_0p18ia_256bits_linear_apptainer_compressible,,output,cipher,CHACHA20,stage1,30,10.0,8,compressible,0.18,256,linear,apptainer,/home/dantsanc/SimulatorContinuum/stages/single_queue.sif,8,4,encrypt:CHACHA20,0.19004986903746612,0.223852,0.03380213096253387,17.78592699575614,0.19004986903746612,0.223852,0.03380213096253387,17.78592699575614,0.19004986903746612,0.223852,0.03380213096253387,17.78592699575614,0.19004986903746612,0.223852,0.03380213096253387,17.78592699575614
ok,/lustre/uc3m_a0/dynamic/dantedomizzi/pruebassimulador/service_time_accuracy3/20260522_211431_343999_proxy_dd_output_cipher_chacha20_30obj_10p0mb_8w_0p18ia_256bits_log_log_apptainer_compressible,,output,cipher,CHACHA20,stage1,30,10.0,8,compressible,0.18,256,log-log,apptainer,/home/dantsanc/SimulatorContinuum/stages/single_queue.sif,8,4,encrypt:CHACHA20,0.19644793144107098,0.232169,0.03572106855892901,18.183479101506524,0.19644793144107098,0.232169,0.03572106855892901,18.183479101506524,0.19644793144107098,0.232169,0.03572106855892901,18.183479101506524,0.19644793144107098,0.232169,0.03572106855892901,18.183479101506524
ok,/lustre/uc3m_a0/dynamic/dantedomizzi/pruebassimulador/service_time_accuracy3/20260522_211432_626226_proxy_dd_output_cipher_chacha20_30obj_100p0mb_1w_0p18ia_256bits_linear_apptainer_compressible,,output,cipher,CHACHA20,stage1,30,100.0,1,compressible,0.18,256,linear,apptainer,/home/dantsanc/SimulatorContinuum/stages/single_queue.sif,8,4,encrypt:CHACHA20,18.140859282459132,18.768606,0.627746717540866,3.4604023313705463,18.140859282459132,18.768606,0.627746717540866,3.4604023313705463,18.140859282459132,18.768606,0.627746717540866,3.4604023313705463,18.140859282459132,18.768606,0.627746717540866,3.4604023313705463
ok,/lustre/uc3m_a0/dynamic/dantedomizzi/pruebassimulador/service_time_accuracy3/20260522_211502_695192_proxy_dd_output_cipher_chacha20_30obj_100p0mb_1w_0p18ia_256bits_log_log_apptainer_compressible,,output,cipher,CHACHA20,stage1,30,100.0,1,compressible,0.18,256,log-log,apptainer,/home/dantsanc/SimulatorContinuum/stages/single_queue.sif,8,4,encrypt:CHACHA20,17.60592862899648,18.313169,0.7072403710035182,4.017058037135927,17.60592862899648,18.313169,0.7072403710035182,4.017058037135927,17.60592862899648,18.313169,0.7072403710035182,4.017058037135927,17.60592862899648,18.313169,0.7072403710035182,4.017058037135927
ok,/lustre/uc3m_a0/dynamic/dantedomizzi/pruebassimulador/service_time_accuracy3/20260522_211531_052815_proxy_dd_output_cipher_chacha20_30obj_100p0mb_2w_0p18ia_256bits_linear_apptainer_compressible,,output,cipher,CHACHA20,stage1,30,100.0,2,compressible,0.18,256,linear,apptainer,/home/dantsanc/SimulatorContinuum/stages/single_queue.sif,8,4,encrypt:CHACHA20,9.333540618856205,8.488906,-0.8446346188562046,9.049455649765115,9.333540618856205,8.488906,-0.8446346188562046,9.049455649765115,9.333540618856205,8.488906,-0.8446346188562046,9.049455649765115,9.333540618856205,8.488906,-0.8446346188562046,9.049455649765115
ok,/lustre/uc3m_a0/dynamic/dantedomizzi/pruebassimulador/service_time_accuracy3/20260522_211548_924001_proxy_dd_output_cipher_chacha20_30obj_100p0mb_2w_0p18ia_256bits_log_log_apptainer_compressible,,output,cipher,CHACHA20,stage1,30,100.0,2,compressible,0.18,256,log-log,apptainer,/home/dantsanc/SimulatorContinuum/stages/single_queue.sif,8,4,encrypt:CHACHA20,9.09539132763166,8.242799,-0.85259232763166,9.37389384271458,9.09539132763166,8.242799,-0.85259232763166,9.37389384271458,9.09539132763166,8.242799,-0.85259232763166,9.37389384271458,9.09539132763166,8.242799,-0.85259232763166,9.37389384271458
ok,/lustre/uc3m_a0/dynamic/dantedomizzi/pruebassimulador/service_time_accuracy3/20260522_211606_503439_proxy_dd_output_cipher_chacha20_30obj_100p0mb_4w_0p18ia_256bits_linear_apptainer_compressible,,output,cipher,CHACHA20,stage1,30,100.0,4,compressible,0.18,256,linear,apptainer,/home/dantsanc/SimulatorContinuum/stages/single_queue.sif,8,4,encrypt:CHACHA20,4.765873805416049,5.016184,0.25031019458395054,5.252136435074975,4.765873805416049,5.016184,0.25031019458395054,5.252136435074975,4.765873805416049,5.016184,0.25031019458395054,5.252136435074975,4.765873805416049,5.016184,0.25031019458395054,5.252136435074975
ok,/lustre/uc3m_a0/dynamic/dantedomizzi/pruebassimulador/service_time_accuracy3/20260522_211618_671698_proxy_dd_output_cipher_chacha20_30obj_100p0mb_4w_0p18ia_256bits_log_log_apptainer_compressible,,output,cipher,CHACHA20,stage1,30,100.0,4,compressible,0.18,256,log-log,apptainer,/home/dantsanc/SimulatorContinuum/stages/single_queue.sif,8,4,encrypt:CHACHA20,4.598826712812297,4.340613,-0.25821371281229677,5.614773700711863,4.598826712812297,4.340613,-0.25821371281229677,5.614773700711863,4.598826712812297,4.340613,-0.25821371281229677,5.614773700711863,4.598826712812297,4.340613,-0.25821371281229677,5.614773700711863
ok,/lustre/uc3m_a0/dynamic/dantedomizzi/pruebassimulador/service_time_accuracy3/20260522_211630_734040_proxy_dd_output_cipher_chacha20_30obj_100p0mb_8w_0p18ia_256bits_linear_apptainer_compressible,,output,cipher,CHACHA20,stage1,30,100.0,8,compressible,0.18,256,linear,apptainer,/home/dantsanc/SimulatorContinuum/stages/single_queue.sif,8,4,encrypt:CHACHA20,2.250493115381687,2.821257,0.5707638846183132,25.36172542440819,2.250493115381687,2.821257,0.5707638846183132,25.36172542440819,2.250493115381687,2.821257,0.5707638846183132,25.36172542440819,2.250493115381687,2.821257,0.5707638846183132,25.36172542440819
ok,/lustre/uc3m_a0/dynamic/dantedomizzi/pruebassimulador/service_time_accuracy3/20260522_211641_785074_proxy_dd_output_cipher_chacha20_30obj_100p0mb_8w_0p18ia_256bits_log_log_apptainer_compressible,,output,cipher,CHACHA20,stage1,30,100.0,8,compressible,0.18,256,log-log,apptainer,/home/dantsanc/SimulatorContinuum/stages/single_queue.sif,8,4,encrypt:CHACHA20,2.300219602708239,2.885098,0.584878397291761,25.42706777227423,2.300219602708239,2.885098,0.584878397291761,25.42706777227423,2.300219602708239,2.885098,0.584878397291761,25.42706777227423,2.300219602708239,2.885098,0.584878397291761,25.42706777227423
ok,/lustre/uc3m_a0/dynamic/dantedomizzi/pruebassimulador/service_time_accuracy3/20260522_211652_462835_proxy_dd_output_cipher_rs_k8_m4_30obj_1p0mb_1w_0p18ia_256bits_linear_apptainer_compressible,,output,cipher,RS,stage1,30,1.0,1,compressible,0.18,256,linear,apptainer,/home/dantsanc/SimulatorContinuum/stages/single_queue.sif,8,4,encrypt:RS,0.12106473080348223,0.102952,-0.018112730803482233,14.96119529054555,0.12106473080348223,0.102952,-0.018112730803482233,14.96119529054555,0.12106473080348223,0.102952,-0.018112730803482233,14.96119529054555,0.12106473080348223,0.102952,-0.018112730803482233,14.96119529054555
ok,/lustre/uc3m_a0/dynamic/dantedomizzi/pruebassimulador/service_time_accuracy3/20260522_211653_138946_proxy_dd_output_cipher_rs_k8_m4_30obj_1p0mb_1w_0p18ia_256bits_log_log_apptainer_compressible,,output,cipher,RS,stage1,30,1.0,1,compressible,0.18,256,log-log,apptainer,/home/dantsanc/SimulatorContinuum/stages/single_queue.sif,8,4,encrypt:RS,0.11913310608360916,0.099658,-0.019475106083609167,16.347350223489755,0.11913310608360916,0.099658,-0.019475106083609167,16.347350223489755,0.11913310608360916,0.099658,-0.019475106083609167,16.347350223489755,0.11913310608360916,0.099658,-0.019475106083609167,16.347350223489755
ok,/lustre/uc3m_a0/dynamic/dantedomizzi/pruebassimulador/service_time_accuracy3/20260522_211653_826589_proxy_dd_output_cipher_rs_k8_m4_30obj_1p0mb_2w_0p18ia_256bits_linear_apptainer_compressible,,output,cipher,RS,stage1,30,1.0,2,compressible,0.18,256,linear,apptainer,/home/dantsanc/SimulatorContinuum/stages/single_queue.sif,8,4,encrypt:RS,0.06185827960143797,0.051469,-0.01038927960143797,16.79529348112756,0.06185827960143797,0.051469,-0.01038927960143797,16.79529348112756,0.06185827960143797,0.051469,-0.01038927960143797,16.79529348112756,0.06185827960143797,0.051469,-0.01038927960143797,16.79529348112756
ok,/lustre/uc3m_a0/dynamic/dantedomizzi/pruebassimulador/service_time_accuracy3/20260522_211654_402857_proxy_dd_output_cipher_rs_k8_m4_30obj_1p0mb_2w_0p18ia_256bits_log_log_apptainer_compressible,,output,cipher,RS,stage1,30,1.0,2,compressible,0.18,256,log-log,apptainer,/home/dantsanc/SimulatorContinuum/stages/single_queue.sif,8,4,encrypt:RS,0.06183870349195786,0.050646,-0.011192703491957862,18.099835313354323,0.06183870349195786,0.050646,-0.011192703491957862,18.099835313354323,0.06183870349195786,0.050646,-0.011192703491957862,18.099835313354323,0.06183870349195786,0.050646,-0.011192703491957862,18.099835313354323
ok,/lustre/uc3m_a0/dynamic/dantedomizzi/pruebassimulador/service_time_accuracy3/20260522_211655_042561_proxy_dd_output_cipher_rs_k8_m4_30obj_1p0mb_4w_0p18ia_256bits_linear_apptainer_compressible,,output,cipher,RS,stage1,30,1.0,4,compressible,0.18,256,linear,apptainer,/home/dantsanc/SimulatorContinuum/stages/single_queue.sif,8,4,encrypt:RS,0.0336832780885743,0.028685,-0.004998278088574299,14.83904884622784,0.0336832780885743,0.028685,-0.004998278088574299,14.83904884622784,0.0336832780885743,0.028685,-0.004998278088574299,14.83904884622784,0.0336832780885743,0.028685,-0.004998278088574299,14.83904884622784
ok,/lustre/uc3m_a0/dynamic/dantedomizzi/pruebassimulador/service_time_accuracy3/20260522_211655_543786_proxy_dd_output_cipher_rs_k8_m4_30obj_1p0mb_4w_0p18ia_256bits_log_log_apptainer_compressible,,output,cipher,RS,stage1,30,1.0,4,compressible,0.18,256,log-log,apptainer,/home/dantsanc/SimulatorContinuum/stages/single_queue.sif,8,4,encrypt:RS,0.033642402428085916,0.02822,-0.005422402428085917,16.117762218904723,0.033642402428085916,0.02822,-0.005422402428085917,16.117762218904723,0.033642402428085916,0.02822,-0.005422402428085917,16.117762218904723,0.033642402428085916,0.02822,-0.005422402428085917,16.117762218904723
ok,/lustre/uc3m_a0/dynamic/dantedomizzi/pruebassimulador/service_time_accuracy3/20260522_211656_004467_proxy_dd_output_cipher_rs_k8_m4_30obj_1p0mb_8w_0p18ia_256bits_linear_apptainer_compressible,,output,cipher,RS,stage1,30,1.0,8,compressible,0.18,256,linear,apptainer,/home/dantsanc/SimulatorContinuum/stages/single_queue.sif,8,4,encrypt:RS,0.018475230106560048,0.018693,0.00021776989343995357,1.17871275315066,0.018475230106560048,0.018693,0.00021776989343995357,1.17871275315066,0.018475230106560048,0.018693,0.00021776989343995357,1.17871275315066,0.018475230106560048,0.018693,0.00021776989343995357,1.17871275315066
ok,/lustre/uc3m_a0/dynamic/dantedomizzi/pruebassimulador/service_time_accuracy3/20260522_211656_565062_proxy_dd_output_cipher_rs_k8_m4_30obj_1p0mb_8w_0p18ia_256bits_log_log_apptainer_compressible,,output,cipher,RS,stage1,30,1.0,8,compressible,0.18,256,log-log,apptainer,/home/dantsanc/SimulatorContinuum/stages/single_queue.sif,8,4,encrypt:RS,0.018448308277584147,0.018346,-0.00010230827758414551,0.5545672592020618,0.018448308277584147,0.018346,-0.00010230827758414551,0.5545672592020618,0.018448308277584147,0.018346,-0.00010230827758414551,0.5545672592020618,0.018448308277584147,0.018346,-0.00010230827758414551,0.5545672592020618
ok,/lustre/uc3m_a0/dynamic/dantedomizzi/pruebassimulador/service_time_accuracy3/20260522_211657_103727_proxy_dd_output_cipher_rs_k8_m4_30obj_10p0mb_1w_0p18ia_256bits_linear_apptainer_compressible,,output,cipher,RS,stage1,30,10.0,1,compressible,0.18,256,linear,apptainer,/home/dantsanc/SimulatorContinuum/stages/single_queue.sif,8,4,encrypt:RS,1.3669462365214713,1.049315,-0.3176312365214713,23.236556642473488,1.3669462365214713,1.049315,-0.3176312365214713,23.236556642473488,1.3669462365214713,1.049315,-0.3176312365214713,23.236556642473488,1.3669462365214713,1.049315,-0.3176312365214713,23.236556642473488
ok,/lustre/uc3m_a0/dynamic/dantedomizzi/pruebassimulador/service_time_accuracy3/20260522_211659_972807_proxy_dd_output_cipher_rs_k8_m4_30obj_10p0mb_1w_0p18ia_256bits_log_log_apptainer_compressible,,output,cipher,RS,stage1,30,10.0,1,compressible,0.18,256,log-log,apptainer,/home/dantsanc/SimulatorContinuum/stages/single_queue.sif,8,4,encrypt:RS,1.3651636509457603,1.04031,-0.32485365094576024,23.795949351618585,1.3651636509457603,1.04031,-0.32485365094576024,23.795949351618585,1.3651636509457603,1.04031,-0.32485365094576024,23.795949351618585,1.3651636509457603,1.04031,-0.32485365094576024,23.795949351618585
ok,/lustre/uc3m_a0/dynamic/dantedomizzi/pruebassimulador/service_time_accuracy3/20260522_211702_946824_proxy_dd_output_cipher_rs_k8_m4_30obj_10p0mb_2w_0p18ia_256bits_linear_apptainer_compressible,,output,cipher,RS,stage1,30,10.0,2,compressible,0.18,256,linear,apptainer,/home/dantsanc/SimulatorContinuum/stages/single_queue.sif,8,4,encrypt:RS,0.7049748949648347,0.548932,-0.1560428949648347,22.134532176868284,0.7049748949648347,0.548932,-0.1560428949648347,22.134532176868284,0.7049748949648347,0.548932,-0.1560428949648347,22.134532176868284,0.7049748949648347,0.548932,-0.1560428949648347,22.134532176868284
ok,/lustre/uc3m_a0/dynamic/dantedomizzi/pruebassimulador/service_time_accuracy3/20260522_211704_813489_proxy_dd_output_cipher_rs_k8_m4_30obj_10p0mb_2w_0p18ia_256bits_log_log_apptainer_compressible,,output,cipher,RS,stage1,30,10.0,2,compressible,0.18,256,log-log,apptainer,/home/dantsanc/SimulatorContinuum/stages/single_queue.sif,8,4,encrypt:RS,0.7025387103494722,0.542965,-0.1595737103494722,22.71386729282057,0.7025387103494722,0.542965,-0.1595737103494722,22.71386729282057,0.7025387103494722,0.542965,-0.1595737103494722,22.71386729282057,0.7025387103494722,0.542965,-0.1595737103494722,22.71386729282057
ok,/lustre/uc3m_a0/dynamic/dantedomizzi/pruebassimulador/service_time_accuracy3/20260522_211706_724125_proxy_dd_output_cipher_rs_k8_m4_30obj_10p0mb_4w_0p18ia_256bits_linear_apptainer_compressible,,output,cipher,RS,stage1,30,10.0,4,compressible,0.18,256,linear,apptainer,/home/dantsanc/SimulatorContinuum/stages/single_queue.sif,8,4,encrypt:RS,0.3934769974584924,0.317941,-0.07553599745849243,19.197055468651804,0.3934769974584924,0.317941,-0.07553599745849243,19.197055468651804,0.3934769974584924,0.317941,-0.07553599745849243,19.197055468651804,0.3934769974584924,0.317941,-0.07553599745849243,19.197055468651804
ok,/lustre/uc3m_a0/dynamic/dantedomizzi/pruebassimulador/service_time_accuracy3/20260522_211708_178182_proxy_dd_output_cipher_rs_k8_m4_30obj_10p0mb_4w_0p18ia_256bits_log_log_apptainer_compressible,,output,cipher,RS,stage1,30,10.0,4,compressible,0.18,256,log-log,apptainer,/home/dantsanc/SimulatorContinuum/stages/single_queue.sif,8,4,encrypt:RS,0.39728941935754847,0.316496,-0.08079341935754847,20.336161856059103,0.39728941935754847,0.316496,-0.08079341935754847,20.336161856059103,0.39728941935754847,0.316496,-0.08079341935754847,20.336161856059103,0.39728941935754847,0.316496,-0.08079341935754847,20.336161856059103
ok,/lustre/uc3m_a0/dynamic/dantedomizzi/pruebassimulador/service_time_accuracy3/20260522_211709_671051_proxy_dd_output_cipher_rs_k8_m4_30obj_10p0mb_8w_0p18ia_256bits_linear_apptainer_compressible,,output,cipher,RS,stage1,30,10.0,8,compressible,0.18,256,linear,apptainer,/home/dantsanc/SimulatorContinuum/stages/single_queue.sif,8,4,encrypt:RS,0.22276418215915328,0.175465,-0.04729918215915327,21.232848881136775,0.22276418215915328,0.175465,-0.04729918215915327,21.232848881136775,0.22276418215915328,0.175465,-0.04729918215915327,21.232848881136775,0.22276418215915328,0.175465,-0.04729918215915327,21.232848881136775
ok,/lustre/uc3m_a0/dynamic/dantedomizzi/pruebassimulador/service_time_accuracy3/20260522_211711_055296_proxy_dd_output_cipher_rs_k8_m4_30obj_10p0mb_8w_0p18ia_256bits_log_log_apptainer_compressible,,output,cipher,RS,stage1,30,10.0,8,compressible,0.18,256,log-log,apptainer,/home/dantsanc/SimulatorContinuum/stages/single_queue.sif,8,4,encrypt:RS,0.220405659165408,0.215273,-0.0051326591654080045,2.328732930380927,0.220405659165408,0.215273,-0.0051326591654080045,2.328732930380927,0.220405659165408,0.215273,-0.0051326591654080045,2.328732930380927,0.220405659165408,0.215273,-0.0051326591654080045,2.328732930380927
ok,/lustre/uc3m_a0/dynamic/dantedomizzi/pruebassimulador/service_time_accuracy3/20260522_211712_415795_proxy_dd_output_cipher_rs_k8_m4_30obj_100p0mb_1w_0p18ia_256bits_linear_apptainer_compressible,,output,cipher,RS,stage1,30,100.0,1,compressible,0.18,256,linear,apptainer,/home/dantsanc/SimulatorContinuum/stages/single_queue.sif,8,4,encrypt:RS,21.90678935375763,18.534896,-3.371893353757631,15.39200153572142,21.90678935375763,18.534896,-3.371893353757631,15.39200153572142,21.90678935375763,18.534896,-3.371893353757631,15.39200153572142,21.90678935375763,18.534896,-3.371893353757631,15.39200153572142
ok,/lustre/uc3m_a0/dynamic/dantedomizzi/pruebassimulador/service_time_accuracy3/20260522_211748_128576_proxy_dd_output_cipher_rs_k8_m4_30obj_100p0mb_1w_0p18ia_256bits_log_log_apptainer_compressible,,output,cipher,RS,stage1,30,100.0,1,compressible,0.18,256,log-log,apptainer,/home/dantsanc/SimulatorContinuum/stages/single_queue.sif,8,4,encrypt:RS,18.34670850285329,16.007785,-2.338923502853291,12.748463859277756,18.34670850285329,16.007785,-2.338923502853291,12.748463859277756,18.34670850285329,16.007785,-2.338923502853291,12.748463859277756,18.34670850285329,16.007785,-2.338923502853291,12.748463859277756
ok,/lustre/uc3m_a0/dynamic/dantedomizzi/pruebassimulador/service_time_accuracy3/20260522_211818_453668_proxy_dd_output_cipher_rs_k8_m4_30obj_100p0mb_2w_0p18ia_256bits_linear_apptainer_compressible,,output,cipher,RS,stage1,30,100.0,2,compressible,0.18,256,linear,apptainer,/home/dantsanc/SimulatorContinuum/stages/single_queue.sif,8,4,encrypt:RS,9.739575604937272,6.978722,-2.760853604937272,28.346754693682087,9.739575604937272,6.978722,-2.760853604937272,28.346754693682087,9.739575604937272,6.978722,-2.760853604937272,28.346754693682087,9.739575604937272,6.978722,-2.760853604937272,28.346754693682087
ok,/lustre/uc3m_a0/dynamic/dantedomizzi/pruebassimulador/service_time_accuracy3/20260522_211837_263923_proxy_dd_output_cipher_rs_k8_m4_30obj_100p0mb_2w_0p18ia_256bits_log_log_apptainer_compressible,,output,cipher,RS,stage1,30,100.0,2,compressible,0.18,256,log-log,apptainer,/home/dantsanc/SimulatorContinuum/stages/single_queue.sif,8,4,encrypt:RS,9.479991486528888,7.007186,-2.4728054865288884,26.084469485471125,9.479991486528888,7.007186,-2.4728054865288884,26.084469485471125,9.479991486528888,7.007186,-2.4728054865288884,26.084469485471125,9.479991486528888,7.007186,-2.4728054865288884,26.084469485471125
ok,/lustre/uc3m_a0/dynamic/dantedomizzi/pruebassimulador/service_time_accuracy3/20260522_211855_706412_proxy_dd_output_cipher_rs_k8_m4_30obj_100p0mb_4w_0p18ia_256bits_linear_apptainer_compressible,,output,cipher,RS,stage1,30,100.0,4,compressible,0.18,256,linear,apptainer,/home/dantsanc/SimulatorContinuum/stages/single_queue.sif,8,4,encrypt:RS,4.9947238007880514,3.80947,-1.1852538007880513,23.730116980663592,4.9947238007880514,3.80947,-1.1852538007880513,23.730116980663592,4.9947238007880514,3.80947,-1.1852538007880513,23.730116980663592,4.9947238007880514,3.80947,-1.1852538007880513,23.730116980663592
ok,/lustre/uc3m_a0/dynamic/dantedomizzi/pruebassimulador/service_time_accuracy3/20260522_211909_013363_proxy_dd_output_cipher_rs_k8_m4_30obj_100p0mb_4w_0p18ia_256bits_log_log_apptainer_compressible,,output,cipher,RS,stage1,30,100.0,4,compressible,0.18,256,log-log,apptainer,/home/dantsanc/SimulatorContinuum/stages/single_queue.sif,8,4,encrypt:RS,4.920470104800188,3.843402,-1.0770681048001878,21.88953660646061,4.920470104800188,3.843402,-1.0770681048001878,21.88953660646061,4.920470104800188,3.843402,-1.0770681048001878,21.88953660646061,4.920470104800188,3.843402,-1.0770681048001878,21.88953660646061
ok,/lustre/uc3m_a0/dynamic/dantedomizzi/pruebassimulador/service_time_accuracy3/20260522_211922_073435_proxy_dd_output_cipher_rs_k8_m4_30obj_100p0mb_8w_0p18ia_256bits_linear_apptainer_compressible,,output,cipher,RS,stage1,30,100.0,8,compressible,0.18,256,linear,apptainer,/home/dantsanc/SimulatorContinuum/stages/single_queue.sif,8,4,encrypt:RS,2.6155329232715303,2.03179,-0.5837429232715303,22.318316778875786,2.6155329232715303,2.03179,-0.5837429232715303,22.318316778875786,2.6155329232715303,2.03179,-0.5837429232715303,22.318316778875786,2.6155329232715303,2.03179,-0.5837429232715303,22.318316778875786
ok,/lustre/uc3m_a0/dynamic/dantedomizzi/pruebassimulador/service_time_accuracy3/20260522_211934_382213_proxy_dd_output_cipher_rs_k8_m4_30obj_100p0mb_8w_0p18ia_256bits_log_log_apptainer_compressible,,output,cipher,RS,stage1,30,100.0,8,compressible,0.18,256,log-log,apptainer,/home/dantsanc/SimulatorContinuum/stages/single_queue.sif,8,4,encrypt:RS,2.4859510650931043,2.464274,-0.021677065093104186,0.871982775424919,2.4859510650931043,2.464274,-0.021677065093104186,0.871982775424919,2.4859510650931043,2.464274,-0.021677065093104186,0.871982775424919,2.4859510650931043,2.464274,-0.021677065093104186,0.871982775424919
